{"css":"","framework":"duck-10.1.0","title":"Hjelp for Bilder","build_id":"5791b334094622a65e5e734a","quick_links":[],"icon":"..\/SharedGlobalArt\/AppIconDefault_Photos.png","sections":{"pht5302d0f6":{"name":"Arbeid med Bilder","children":["pht5156cc968","pht6d60881e","pht8a576439"]},"pht3e99bb42d":{"name":"Bevegelser og tastatursnarveier","children":["pht2951dfb9","pht6e593112","pht5188d4d20"]},"pht6d6040d1":{"name":"Vis og organiser bilder","children":["pht56eafa987","pht40b0be510","phtb66b3c010","phta4e5a733f","apd679d1dae29e04","pht6d606e4c","pht6d975c7d","pht3bfab2f96"]},"apd679d1dae29e04":{"name":"Finn bilder","children":["pht64de33e5a","pht8d0ad5198","phtad9d981ab","pht4c00b8ddc"]},"pht6c803a97":{"name":"Importer bilder og videoer","children":["phta58cd90d3","apd170d821c07204","pht6c803201","phtae4e05c67","pht6c804da9","pht12e7a8015"]},"pht8a3f9b05d":{"name":"Gled deg over minner","children":["pht4a5343882","pht96259d626","pht6ce918c46"]},"pht6d60881e":{"name":"Organiser Bilder-biblioteket","children":["pht211de786","pht6d60b524","pht6d60d10f","pht6d60348f","pht6be18f93","pht1ed9b966d"]},"pht50acf4c2":{"name":"iCloud-bildedeling","children":["pht7a4c765b","pht013f36be9","phtf7fe6394","pht5f6df5f0","phtdfcac5c5","pht884a8908"]},"pht7c4f353b":{"name":"Opprett kort","children":["pht6e157ba6","pht337d15be","pht6e15aa61","phtab5e66ba","phtab5e72eb"]},"phtaec3da2a9":{"name":"Opprett og bestill papirbilder","children":["phtae8c6530","pht6e15dbdb"]},"phtae8c6530":{"name":"Bestill trykte bilder og prosjekter","children":["pht211dd6d0","pht6e15ea68","pht6e15caf3","pht6e15b35b"]},"pht6d606e4c":{"name":"Organiser bilder i albumer","children":["phtf677b8f5","pht6d60a1f1","pht6d60ca71","pht211de0d6"]},"apd170d821c07204":{"name":"Fra iCloud","children":["phtf5e48489c","phtc0bf4b9bb"]},"pht6dc708cc":{"name":"Forbedre bildene","children":["pht304c2ace6","phta48b41fd8","phtba22db5d6","pht13f0918f0","phte0af949f0","phtc497e8549","pht5c38b77c5","phte0ee9e101","phteb52f43ce","pht427071907"]},"pht6e41d50b":{"name":"Del bilder og video","children":["pht50acf4c2","phtc4361d5a","pht6e4207c4","pht6e41eaff","pht1d4c62349","pht6d97570c","pht1324a500e","pht6e157c5f"]},"pht6e15d3aa":{"name":"Opprett prosjekter","children":["phtae8c6d40","phtae8c6467","phtb94da2f9","pht7c4f353b"]},"phtae8c6467":{"name":"Opprett bøker","children":["pht6e159147","pht337d0a03","pht337d0fd8","pht6e15c151","phtab5e6905","pht245fde94","phtab5e682b"]},"phtb94da2f9":{"name":"Opprett kalendere","children":["phtb94d7e13","phtb94d7d07","phtb94d9674","phtb94d9019","phtb94da1cb","phtb94d945b"]},"phtc497e8549":{"name":"Juster utseendet på bilder","children":["phtc9d389ecc","phtfd442cdbb","pht335dba352"]}},"birdseed_version":5,"toc":["pht035bc2c35","pht6c803a97","pht6d6040d1","pht8a3f9b05d","pht6dc708cc","pht6e41d50b","pht6e15d3aa","phtaec3da2a9","pht5302d0f6","pht3e99bb42d"],"locale":"nb","version":"1.2","source_schema":"apd-schema","enable_tracking":false,"platform":"mac","build_date":"2016.07.22-03:36:41","landing":"pht54710c4e","product":"photos","urls":{},"copyright":"","show_previous_next":false,"topics":{"phtb94d945b":{"name":"Slett en kalender"},"pht6e157ba6":{"name":"Opprett et kort"},"pht40b0be510":{"name":"Marker og opphev markering av bilder"},"phta58cd90d3":{"name":"Oversikt"},"phtb66b3c010":{"name":"Endre hvordan bilder vises"},"pht245fde94":{"name":"Opprett kart i en bok"},"pht6d60b524":{"name":"Bruk flere biblioteker"},"pht5706dfc6":{"name":"iCloud","categories":["aside"]},"pht6d60ca71":{"name":"Opprett smarte albumer"},"pht8a576439":{"name":"Få Bilder-oppdateringer"},"pht9bb241b3":{"name":"markere bilder","categories":["aside"]},"pht96259d626":{"name":"Vis minner"},"pht5f6df5f0":{"name":"Endre et delt album"},"phtf677b8f5":{"name":"Hva er albumer?"},"pht6e15aa61":{"name":"Legg til og fjern bilder"},"pht304c2ace6":{"name":"Grunnleggende redigering"},"pht211de0d6":{"name":"Opprett mapper"},"pht427071907":{"name":"Rediger ved hjelp av tillegg"},"pht6d60348f":{"name":"Gjenopprett fra Time Machine"},"phtf5e48489c":{"name":"Fra iCloud-bildebibliotek"},"phtc0bf4b9bb":{"name":"Fra Min bildestrøm"},"phtfd442cdbb":{"name":"Gjør avanserte justeringer"},"pht6e15b35b":{"name":"Bestill bok, kort eller kalender"},"phte0ee9e101":{"name":"Fjern røde øyne"},"pht6e15c151":{"name":"Arbeid med sider"},"pht98de9564":{"name":"mat ut","categories":["aside"]},"phtc3c7c148":{"name":"oppslag","categories":["aside"]},"pht211de786":{"name":"Oversikt"},"pht101081c3":{"name":"miniatyrbilde","categories":["aside"]},"pht9b4411b24":{"name":"Tastatursnarveier og bevegelser","href":"pht9b4411b24.html","searchName":"Tastatursnarveier i Bilder"},"pht10107b78":{"name":"størrelsesforhold","categories":["aside"]},"phtab5e682b":{"name":"Slett en bok"},"pht6d60a1f1":{"name":"Opprett albumer"},"pht884a8908":{"name":"Abonner på albumer"},"phtab5e72eb":{"name":"Slett et kort"},"pht013f36be9":{"name":"Slå av og på bildedeling i iCloud"},"pht211dd6d0":{"name":"Oversikt"},"phtb94d7d07":{"name":"Plasser bilder"},"pht6e159147":{"name":"Opprett en bildebok"},"pht335dba352":{"name":"Tilpass Juster-panelet"},"pht6ce918c46":{"name":"Del minner"},"phtba22db5d6":{"name":"Roter bilder"},"pht6e41eaff":{"name":"Facebook, Flickr og Twitter"},"phtf7fe6394":{"name":"Opprett et delt album"},"pht035bc2c35":{"name":"Oversikt over Bilder"},"pht4a5343882":{"name":"Skap minner"},"pht337d15be":{"name":"Plasser bilder"},"pht8d0ad5198":{"name":"Finn bilder etter nøkkelord"},"pht2951dfb9":{"name":"Styreflatebevegelser"},"phtb711c0fd":{"name":"Apple-ID","categories":["aside"]},"pht5156cc968":{"name":"Angi Bilder-valg","searchName":"Bilder-valg"},"phta4e5a733f":{"name":"Vis og legg til bildeinformasjon"},"pht337d0fd8":{"name":"Legg til og fjern bilder"},"pht54710c4e":{"name":"Hjelp for Bilder","href":"pht54710c4e.html","categories":["landing"]},"pht6e15ea68":{"name":"Bestill profesjonelle papirbilder"},"phtb94d7e13":{"name":"Opprett en kalender"},"phtae4e05c67":{"name":"Fra lagringsmedier"},"phtab5e6905":{"name":"Formater boktekst"},"phteb52f43ce":{"name":"Merk et bilde"},"pht6e157c5f":{"name":"Eksporter bilder, videoer og lysbildeserier"},"pht1ed9b966d":{"name":"Endre hvor Bilder lagrer bildene dine"},"pht6d97570c":{"name":"iTunes"},"pht4c00b8ddc":{"name":"Vis bilder etter sted"},"pht6dc73ede":{"name":"ikke-destruktiv redigering","categories":["aside"]},"pht3bfab2f96":{"name":"Slett bilder og videoer"},"pht56eafa987":{"name":"Vis bilder"},"pht6c804da9":{"name":"Fra andre programmer"},"pht13f0918f0":{"name":"Beskjær og rett opp bilder"},"phte0af949f0":{"name":"Bruk filtre på bilder"},"phtc9d389ecc":{"name":"Juster et bilde"},"pht5c38b77c5":{"name":"Retusjer bilder"},"pht6e4207c4":{"name":"Mail"},"phtae8c6d40":{"name":"Opprett lysbildeserier"},"phtb94d9674":{"name":"Legg til eller fjerne bilder"},"phtb94d9019":{"name":"Endre datoinformasjon"},"phtb94da1cb":{"name":"Formater kalendertekst"},"phtc4361d5a":{"name":"Meldinger"},"pht6e15caf3":{"name":"Forbered et prosjekt til utskrift"},"pht6d60d10f":{"name":"Sikkerhetskopier Bilder-biblioteket"},"pht6be18f93":{"name":"Reparer biblioteket"},"pht10107cfa":{"name":"hovedbilde","categories":["aside"]},"phtc3c7b374":{"name":"SD-kort","categories":["aside"]},"pht6e15dbdb":{"name":"Få bildene på papir"},"pht6e593112":{"name":"Tastatursnarveier","searchName":"Tastatursnarveier i Bilder"},"pht6d975c7d":{"name":"Vis video"},"pht98de9846":{"name":"Ken Burns-effekt","categories":["aside"]},"pht6c803201":{"name":"Fra et kamera eller en mobil enhet"},"pht5188d4d20":{"name":"Tastatursnarveissymboler"},"phte3af82548":{"name":"Live Photo","categories":["aside"]},"phta48b41fd8":{"name":"Forbedre bilder automatisk"},"pht93cb7bc67":{"name":"hardt klikk","categories":["aside"]},"pht98de9f27":{"name":"Bilder i RAW-format","categories":["aside"]},"pht1324a500e":{"name":"Andre programmer og nettsteder"},"phtdbd88e7a":{"name":"bildealbumer og smarte albumer","categories":["aside"]},"pht337d0a03":{"name":"Plasser bilder"},"pht64de33e5a":{"name":"Finn bilder etter tekst eller dato"},"phtad9d981ab":{"name":"Finn bilder av personer."},"phtdfcac5c5":{"name":"Administrer abonnenter"},"phtc94a1416":{"name":"Flere ressurser"},"pht7a4c765b":{"name":"Oversikt"},"pht12e7a8015":{"name":"Hvor er de importerte filene?"},"phtda5be08b":{"name":"nøkkelord","categories":["aside"]},"pht1d4c62349":{"name":"AirDrop"},"phtab5e66ba":{"name":"Formater korttekst"},"phtc3c7c06e":{"name":"bildefilformater","categories":["aside"]}},"copyright_text":"Copyright © 2016 Apple Inc. Alle rettigheter forbeholdes."}