{"css":"","framework":"duck-10.1.0","title":"Ajuda Fotos","build_id":"5791b332094622a65e5e733c","quick_links":[],"icon":"..\/SharedGlobalArt\/AppIconDefault_Photos.png","sections":{"pht5302d0f6":{"name":"Trabalhe com o Fotos","children":["pht5156cc968","pht6d60881e","pht8a576439"]},"pht3e99bb42d":{"name":"Gestos e atalhos de teclado","children":["pht2951dfb9","pht6e593112","pht5188d4d20"]},"pht6d6040d1":{"name":"Visualize e organize suas fotos","children":["pht56eafa987","pht40b0be510","phtb66b3c010","phta4e5a733f","apd679d1dae29e04","pht6d606e4c","pht6d975c7d","pht3bfab2f96"]},"apd679d1dae29e04":{"name":"Buscar fotos","children":["pht64de33e5a","pht8d0ad5198","phtad9d981ab","pht4c00b8ddc"]},"pht6c803a97":{"name":"Importe fotos e vídeos","children":["phta58cd90d3","apd170d821c07204","pht6c803201","phtae4e05c67","pht6c804da9","pht12e7a8015"]},"pht8a3f9b05d":{"name":"Curta memórias","children":["pht4a5343882","pht96259d626","pht6ce918c46"]},"pht6d60881e":{"name":"Gerencie a fototeca do Fotos","children":["pht211de786","pht6d60b524","pht6d60d10f","pht6d60348f","pht6be18f93","pht1ed9b966d"]},"pht50acf4c2":{"name":"Compartilhamento de Fotos do iCloud","children":["pht7a4c765b","pht013f36be9","phtf7fe6394","pht5f6df5f0","phtdfcac5c5","pht884a8908"]},"pht7c4f353b":{"name":"Crie cartões","children":["pht6e157ba6","pht337d15be","pht6e15aa61","phtab5e66ba","phtab5e72eb"]},"phtaec3da2a9":{"name":"Crie e encomende impressões","children":["phtae8c6530","pht6e15dbdb"]},"phtae8c6530":{"name":"Encomende impressões de fotos e projetos","children":["pht211dd6d0","pht6e15ea68","pht6e15caf3","pht6e15b35b"]},"pht6d606e4c":{"name":"Organize fotos em álbuns","children":["phtf677b8f5","pht6d60a1f1","pht6d60ca71","pht211de0d6"]},"apd170d821c07204":{"name":"Do iCloud","children":["phtf5e48489c","phtc0bf4b9bb"]},"pht6dc708cc":{"name":"Melhore suas fotos","children":["pht304c2ace6","phta48b41fd8","phtba22db5d6","pht13f0918f0","phte0af949f0","phtc497e8549","pht5c38b77c5","phte0ee9e101","phteb52f43ce","pht427071907"]},"pht6e41d50b":{"name":"Compartilhe suas fotos e vídeos","children":["pht50acf4c2","phtc4361d5a","pht6e4207c4","pht6e41eaff","pht1d4c62349","pht6d97570c","pht1324a500e","pht6e157c5f"]},"pht6e15d3aa":{"name":"Crie projetos","children":["phtae8c6d40","phtae8c6467","phtb94da2f9","pht7c4f353b"]},"phtae8c6467":{"name":"Crie livros","children":["pht6e159147","pht337d0a03","pht337d0fd8","pht6e15c151","phtab5e6905","pht245fde94","phtab5e682b"]},"phtb94da2f9":{"name":"Crie calendários","children":["phtb94d7e13","phtb94d7d07","phtb94d9674","phtb94d9019","phtb94da1cb","phtb94d945b"]},"phtc497e8549":{"name":"Ajuste a aparência das fotos","children":["phtc9d389ecc","phtfd442cdbb","pht335dba352"]}},"birdseed_version":5,"toc":["pht035bc2c35","pht6c803a97","pht6d6040d1","pht8a3f9b05d","pht6dc708cc","pht6e41d50b","pht6e15d3aa","phtaec3da2a9","pht5302d0f6","pht3e99bb42d"],"locale":"pt-br","version":"1.2","source_schema":"apd-schema","enable_tracking":false,"platform":"mac","build_date":"2016.07.22-03:44:59","landing":"pht54710c4e","product":"photos","urls":{},"copyright":"","show_previous_next":false,"topics":{"phtb94d945b":{"name":"Apague um calendário"},"pht6e157ba6":{"name":"Criar um cartão"},"pht40b0be510":{"name":"Selecionar e desmarcar fotos"},"phta58cd90d3":{"name":"Visão Geral"},"phtb66b3c010":{"name":"Altere como as fotos são exibidas"},"pht245fde94":{"name":"Crie mapas em um livro"},"pht6d60b524":{"name":"Use várias fototecas"},"pht5706dfc6":{"name":"iCloud","categories":["aside"]},"pht6d60ca71":{"name":"Crie Álbuns Inteligentes"},"pht8a576439":{"name":"Atualize o Fotos"},"pht9bb241b3":{"name":"seleção de fotos","categories":["aside"]},"pht96259d626":{"name":"Visualizar memórias"},"pht5f6df5f0":{"name":"Altere um álbum compartilhado"},"phtf677b8f5":{"name":"O que são álbuns?"},"pht6e15aa61":{"name":"Adicione e remova fotos"},"pht304c2ace6":{"name":"Conceitos básicos de edição"},"pht211de0d6":{"name":"Crie pastas"},"pht427071907":{"name":"Edite usando extensões"},"pht6d60348f":{"name":"Restaure do Time Machine"},"phtf5e48489c":{"name":"Da Fototeca do iCloud"},"phtc0bf4b9bb":{"name":"Do Meu Compartilhamento de Fotos"},"phtfd442cdbb":{"name":"Faça ajustes avançados"},"pht6e15b35b":{"name":"Encomende um livro, cartão ou calendário"},"phte0ee9e101":{"name":"Remover olhos vermelhos"},"pht6e15c151":{"name":"Trabalhe com páginas"},"pht98de9564":{"name":"ejetar","categories":["aside"]},"phtc3c7c148":{"name":"página dupla","categories":["aside"]},"pht211de786":{"name":"Visão Geral"},"pht101081c3":{"name":"miniatura","categories":["aside"]},"pht9b4411b24":{"name":"Atalhos de teclado e gestos","href":"pht9b4411b24.html","searchName":"Atalhos de teclado do Fotos"},"pht10107b78":{"name":"razão de tamanho","categories":["aside"]},"phtab5e682b":{"name":"Apagar um livro"},"pht6d60a1f1":{"name":"Crie álbuns"},"pht884a8908":{"name":"Assine álbuns"},"phtab5e72eb":{"name":"Apague um cartão"},"pht013f36be9":{"name":"Ative ou desative Álbuns Compartilhados"},"pht211dd6d0":{"name":"Visão Geral"},"phtb94d7d07":{"name":"Organize fotos"},"pht6e159147":{"name":"Crie livros de fotos"},"pht335dba352":{"name":"Personalize o painel Ajustes"},"pht6ce918c46":{"name":"Compartilhe memórias"},"phtba22db5d6":{"name":"Gire fotos"},"pht6e41eaff":{"name":"Facebook, Flickr e Twitter"},"phtf7fe6394":{"name":"Crie um álbum compartilhado"},"pht035bc2c35":{"name":"Visão geral do Fotos"},"pht4a5343882":{"name":"Crie memórias"},"pht337d15be":{"name":"Organize fotos"},"pht8d0ad5198":{"name":"Busque fotos por palavra-chave"},"pht2951dfb9":{"name":"Gestos do Trackpad"},"phtb711c0fd":{"name":"ID Apple","categories":["aside"]},"pht5156cc968":{"name":"Ajuste as preferências do Fotos","searchName":"Preferências do Fotos"},"phta4e5a733f":{"name":"Visualize e adicione informações à foto"},"pht337d0fd8":{"name":"Adicione e remova fotos"},"pht54710c4e":{"name":"Ajuda Fotos","href":"pht54710c4e.html","categories":["landing"]},"pht6e15ea68":{"name":"Encomende impressões profissionais"},"phtb94d7e13":{"name":"Crie um calendário"},"phtae4e05c67":{"name":"De mídias de armazenamento"},"phtab5e6905":{"name":"Formate o texto do livro"},"phteb52f43ce":{"name":"Marcar uma foto"},"pht6e157c5f":{"name":"Exporte fotos, vídeos e apresentações de slides"},"pht1ed9b966d":{"name":"Altere o local de armazenamento de arquivos do Fotos"},"pht6d97570c":{"name":"iTunes"},"pht4c00b8ddc":{"name":"Visualize fotos por localização"},"pht6dc73ede":{"name":"edição não destrutiva","categories":["aside"]},"pht3bfab2f96":{"name":"Apague fotos e vídeos"},"pht56eafa987":{"name":"Visualizar fotos"},"pht6c804da9":{"name":"De outros aplicativos"},"pht13f0918f0":{"name":"Recorte e endireite fotos"},"phte0af949f0":{"name":"Aplique filtros às fotos"},"phtc9d389ecc":{"name":"Ajuste uma foto"},"pht5c38b77c5":{"name":"Retoque fotos"},"pht6e4207c4":{"name":"Mail"},"phtae8c6d40":{"name":"Crie apresentações de slides"},"phtb94d9674":{"name":"Adicionar ou remover fotos"},"phtb94d9019":{"name":"Altere as informações da data"},"phtb94da1cb":{"name":"Formate o texto do calendário"},"phtc4361d5a":{"name":"Mensagens"},"pht6e15caf3":{"name":"Prepare um projeto para impressão"},"pht6d60d10f":{"name":"Faça backup da fototeca do Fotos"},"pht6be18f93":{"name":"Repare a fototeca"},"pht10107cfa":{"name":"foto chave","categories":["aside"]},"phtc3c7b374":{"name":"cartão SD","categories":["aside"]},"pht6e15dbdb":{"name":"Imprima suas próprias fotos"},"pht6e593112":{"name":"Atalhos de teclado","searchName":"Atalhos de teclado do Fotos"},"pht6d975c7d":{"name":"Visualize vídeos"},"pht98de9846":{"name":"efeito Ken Burns","categories":["aside"]},"pht6c803201":{"name":"De uma câmera ou dispositivo móvel"},"pht5188d4d20":{"name":"Símbolos do atalho de teclado"},"phte3af82548":{"name":"Live Photo","categories":["aside"]},"phta48b41fd8":{"name":"Melhore fotos automaticamente"},"pht93cb7bc67":{"name":"clique forte","categories":["aside"]},"pht98de9f27":{"name":"Fotos no formato RAW","categories":["aside"]},"pht1324a500e":{"name":"Outros aplicativos e sites"},"phtdbd88e7a":{"name":"álbuns de fotos e Álbuns Inteligentes","categories":["aside"]},"pht337d0a03":{"name":"Organize fotos"},"pht64de33e5a":{"name":"Busque fotos por texto ou data"},"phtad9d981ab":{"name":"Busque fotos de pessoas"},"phtdfcac5c5":{"name":"Gerencie assinantes"},"phtc94a1416":{"name":"Mais recursos"},"pht7a4c765b":{"name":"Visão Geral"},"pht12e7a8015":{"name":"Onde estão os meus arquivos importados?"},"phtda5be08b":{"name":"palavra-chave","categories":["aside"]},"pht1d4c62349":{"name":"AirDrop"},"phtab5e66ba":{"name":"Formate o texto do cartão"},"phtc3c7c06e":{"name":"formatos de arquivo de imagem","categories":["aside"]}},"copyright_text":"Copyright © 2016 Apple Inc. Todos os direitos reservados."}