{"css":"","framework":"duck-10.1.0","title":"Bantuan Foto","build_id":"579f9923680ce2bd2c415584","quick_links":[],"icon":"..\/SharedGlobalArt\/AppIconDefault_Photos.png","sections":{"pht5302d0f6":{"name":"Bekerja dengan Foto","children":["pht5156cc968","pht6d60881e","pht8a576439"]},"pht3e99bb42d":{"name":"Pintasan gerak isyarat dan papan kekunci","children":["pht2951dfb9","pht6e593112","pht5188d4d20"]},"pht6d6040d1":{"name":"Lihat dan atur foto anda","children":["pht56eafa987","pht40b0be510","phtb66b3c010","phta4e5a733f","apd679d1dae29e04","pht6d606e4c","pht6d975c7d","pht3bfab2f96"]},"apd679d1dae29e04":{"name":"Cari foto","children":["pht64de33e5a","pht8d0ad5198","phtad9d981ab","pht4c00b8ddc"]},"pht6c803a97":{"name":"Import foto dan video","children":["phta58cd90d3","apd170d821c07204","pht6c803201","phtae4e05c67","pht6c804da9","pht12e7a8015"]},"pht8a3f9b05d":{"name":"Nikmati memori","children":["pht4a5343882","pht96259d626","pht6ce918c46"]},"pht6d60881e":{"name":"Uruskan pustaka Foto anda","children":["pht211de786","pht6d60b524","pht6d60d10f","pht6d60348f","pht6be18f93","pht1ed9b966d"]},"pht50acf4c2":{"name":"Perkongsian Foto iCloud","children":["pht7a4c765b","pht013f36be9","phtf7fe6394","pht5f6df5f0","phtdfcac5c5","pht884a8908"]},"pht7c4f353b":{"name":"Cipta kad","children":["pht6e157ba6","pht337d15be","pht6e15aa61","phtab5e66ba","phtab5e72eb"]},"phtaec3da2a9":{"name":"Cipta dan pesan cetakan","children":["phtae8c6530","pht6e15dbdb"]},"phtae8c6530":{"name":"Memesan foto dan projek yang dicetak","children":["pht211dd6d0","pht6e15ea68","pht6e15caf3","pht6e15b35b"]},"pht6d606e4c":{"name":"Atur foto dalam album","children":["phtf677b8f5","pht6d60a1f1","pht6d60ca71","pht211de0d6"]},"apd170d821c07204":{"name":"Dari iCloud","children":["phtf5e48489c","phtc0bf4b9bb"]},"pht6dc708cc":{"name":"Memperbaiki foto anda","children":["pht304c2ace6","phta48b41fd8","phtba22db5d6","pht13f0918f0","phte0af949f0","phtc497e8549","pht5c38b77c5","phte0ee9e101","phteb52f43ce","pht427071907"]},"pht6e41d50b":{"name":"Kongsi foto dan video anda","children":["pht50acf4c2","phtc4361d5a","pht6e4207c4","pht6e41eaff","pht1d4c62349","pht6d97570c","pht1324a500e","pht6e157c5f"]},"pht6e15d3aa":{"name":"Cipta projek","children":["phtae8c6d40","phtae8c6467","phtb94da2f9","pht7c4f353b"]},"phtae8c6467":{"name":"Cipta buku","children":["pht6e159147","pht337d0a03","pht337d0fd8","pht6e15c151","phtab5e6905","pht245fde94","phtab5e682b"]},"phtb94da2f9":{"name":"Cipta kalendar","children":["phtb94d7e13","phtb94d7d07","phtb94d9674","phtb94d9019","phtb94da1cb","phtb94d945b"]},"phtc497e8549":{"name":"Laraskan rupa foto","children":["phtc9d389ecc","phtfd442cdbb","pht335dba352"]}},"birdseed_version":5,"toc":["pht035bc2c35","pht6c803a97","pht6d6040d1","pht8a3f9b05d","pht6dc708cc","pht6e41d50b","pht6e15d3aa","phtaec3da2a9","pht5302d0f6","pht3e99bb42d"],"locale":"ms","version":"1.2","source_schema":"apd-schema","enable_tracking":false,"platform":"mac","build_date":"2016.08.01-12:00:47","landing":"pht54710c4e","product":"photos","urls":{},"copyright":"","show_previous_next":false,"topics":{"phtb94d945b":{"name":"Padam kalendar"},"pht6e157ba6":{"name":"Cipta kad"},"pht40b0be510":{"name":"Pilih dan nyahpilih foto"},"phta58cd90d3":{"name":"Gambaran Keseluruhan"},"phtb66b3c010":{"name":"Ubah bagaimana foto dipaparkan"},"pht245fde94":{"name":"Cipta peta dalam buku"},"pht6d60b524":{"name":"Gunakan berbilang pustaka"},"pht5706dfc6":{"name":"iCloud","categories":["aside"]},"pht6d60ca71":{"name":"Cipta Album Pintar"},"pht8a576439":{"name":"Dapatkan kemas kini Foto"},"pht9bb241b3":{"name":"memilih foto","categories":["aside"]},"pht96259d626":{"name":"Lihat memori"},"pht5f6df5f0":{"name":"Ubah album yang dikongsi"},"phtf677b8f5":{"name":"Apakah album?"},"pht6e15aa61":{"name":"Tambah dan keluarkan foto"},"pht304c2ace6":{"name":"Asas pengeditan"},"pht211de0d6":{"name":"Cipta folder"},"pht427071907":{"name":"Edit menggunakan sambungan"},"pht6d60348f":{"name":"Pulihkan dari Time Machine"},"phtf5e48489c":{"name":"Dari Pustaka Foto iCloud"},"phtc0bf4b9bb":{"name":"Dari Strim Foto Saya"},"phtfd442cdbb":{"name":"Buat pelarasan lanjutan"},"pht6e15b35b":{"name":"Pesan buku, kad atau kalendar"},"phte0ee9e101":{"name":"Keluarkan mata merah"},"pht6e15c151":{"name":"Bekerja dengan halaman"},"pht98de9564":{"name":"keluarkan","categories":["aside"]},"phtc3c7c148":{"name":"halaman penuh","categories":["aside"]},"pht211de786":{"name":"Gambaran Keseluruhan"},"pht101081c3":{"name":"imej kecil","categories":["aside"]},"pht9b4411b24":{"name":"Pintasan dan gerak isyarat papan kekunci","href":"pht9b4411b24.html","searchName":"Pintasan papan kekunci dalam Foto"},"pht10107b78":{"name":"nisbah saiz","categories":["aside"]},"phtab5e682b":{"name":"Padam buku"},"pht6d60a1f1":{"name":"Cipta album"},"pht884a8908":{"name":"Melanggan album"},"phtab5e72eb":{"name":"Padam kad"},"pht013f36be9":{"name":"Aktifkan atau nyahaktifkan Perkongsian Foto iCloud"},"pht211dd6d0":{"name":"Gambaran Keseluruhan"},"phtb94d7d07":{"name":"Susun foto"},"pht6e159147":{"name":"Cipta buku foto"},"pht335dba352":{"name":"Menyesuaikan anak tetingkap Pelarasan"},"pht6ce918c46":{"name":"Kongsi memori"},"phtba22db5d6":{"name":"Putar foto"},"pht6e41eaff":{"name":"Facebook, Flickr dan Twitter"},"phtf7fe6394":{"name":"Cipta album yang dikongsi"},"pht035bc2c35":{"name":"Gambaran keseluruhan Foto"},"pht4a5343882":{"name":"Cipta memori"},"pht337d15be":{"name":"Susun foto"},"pht8d0ad5198":{"name":"Cari foto dengan kata kunci"},"pht2951dfb9":{"name":"Gerakan isyarat Trackpad"},"phtb711c0fd":{"name":"Apple ID","categories":["aside"]},"pht5156cc968":{"name":"Setkan keutamaan Foto","searchName":"Keutamaan Foto"},"phta4e5a733f":{"name":"Papar dan tambah maklumat foto"},"pht337d0fd8":{"name":"Tambah dan keluarkan foto"},"pht54710c4e":{"name":"Bantuan Foto","href":"pht54710c4e.html","categories":["landing"]},"pht6e15ea68":{"name":"Memesan cetakan profesional"},"phtb94d7e13":{"name":"Cipta kalendar"},"phtae4e05c67":{"name":"Dari media storan"},"phtab5e6905":{"name":"Format teks buku"},"phteb52f43ce":{"name":"Tandakan foto"},"pht6e157c5f":{"name":"Eksport foto, video dan tayangan slaid"},"pht1ed9b966d":{"name":"Ubah di mana Foto menyimpan fail anda"},"pht6d97570c":{"name":"iTunes"},"pht4c00b8ddc":{"name":"Papar foto mengikut lokasi"},"pht6dc73ede":{"name":"pengeditan tak musnah","categories":["aside"]},"pht3bfab2f96":{"name":"Padam foto dan video"},"pht56eafa987":{"name":"Lihat foto"},"pht6c804da9":{"name":"Dari aplikasi lain"},"pht13f0918f0":{"name":"Pangkas dan luruskan foto"},"phte0af949f0":{"name":"Gunakan penapis pada foto"},"phtc9d389ecc":{"name":"Laraskan foto"},"pht5c38b77c5":{"name":"Sentuhan semula foto"},"pht6e4207c4":{"name":"Mail"},"phtae8c6d40":{"name":"Cipta tayangan slaid"},"phtb94d9674":{"name":"Tambah atau keluarkan foto"},"phtb94d9019":{"name":"Ubah maklumat tarikh"},"phtb94da1cb":{"name":"Format teks kalendar"},"phtc4361d5a":{"name":"Mesej"},"pht6e15caf3":{"name":"Sediakan projek untuk pencetakan"},"pht6d60d10f":{"name":"Sandarkan pustaka Foto anda"},"pht6be18f93":{"name":"Perbaiki pustaka anda"},"pht10107cfa":{"name":"foto utama","categories":["aside"]},"phtc3c7b374":{"name":"Kad SD","categories":["aside"]},"pht6e15dbdb":{"name":"Cetak foto anda sendiri"},"pht6e593112":{"name":"Pintasan papan kekunci","searchName":"Pintasan papan kekunci dalam Foto"},"pht6d975c7d":{"name":"Lihat video"},"pht98de9846":{"name":"Kesan Ken Burns","categories":["aside"]},"pht6c803201":{"name":"Dari kamera atau peranti mudah alih"},"pht5188d4d20":{"name":"Simbol pintasan papan kekunci"},"phte3af82548":{"name":"Live Photo","categories":["aside"]},"phta48b41fd8":{"name":"Meningkatkan foto secara automatik"},"pht93cb7bc67":{"name":"klik paksa","categories":["aside"]},"pht98de9f27":{"name":"Foto format RAW","categories":["aside"]},"pht1324a500e":{"name":"Aplikasi dan laman web lain"},"phtdbd88e7a":{"name":"album foto dan Album Pintar","categories":["aside"]},"pht337d0a03":{"name":"Susun foto"},"pht64de33e5a":{"name":"Cari foto dengan teks atau tarikh"},"phtad9d981ab":{"name":"Cari foto orang"},"phtdfcac5c5":{"name":"Mengurus pelanggan"},"phtc94a1416":{"name":"Lebih sumber"},"pht7a4c765b":{"name":"Gambaran Keseluruhan"},"pht12e7a8015":{"name":"Di manakah fail yang saya import?"},"phtda5be08b":{"name":"kata kunci","categories":["aside"]},"pht1d4c62349":{"name":"AirDrop"},"phtab5e66ba":{"name":"Format teks kad"},"phtc3c7c06e":{"name":"format fail imej","categories":["aside"]}},"copyright_text":"Hak Cipta © 2016 Apple Inc. Hak cipta terpelihara."}