{"css":"","framework":"duck-10.1.0","title":"עזרה עבור ״תמונות״","build_id":"5791b32c094622a65e5e7304","quick_links":[],"icon":"..\/SharedGlobalArt\/AppIconDefault_Photos.png","sections":{"pht5302d0f6":{"name":"עבודה עם תמונות","children":["pht5156cc968","pht6d60881e","pht8a576439"]},"pht3e99bb42d":{"name":"מחוות וקיצורי מקלדת","children":["pht2951dfb9","pht6e593112","pht5188d4d20"]},"pht6d6040d1":{"name":"הצגה וארגון של התמונות שלך","children":["pht56eafa987","pht40b0be510","phtb66b3c010","phta4e5a733f","apd679d1dae29e04","pht6d606e4c","pht6d975c7d","pht3bfab2f96"]},"apd679d1dae29e04":{"name":"חיפוש תמונות","children":["pht64de33e5a","pht8d0ad5198","phtad9d981ab","pht4c00b8ddc"]},"pht6c803a97":{"name":"ייבוא תמונות וסרטים","children":["phta58cd90d3","apd170d821c07204","pht6c803201","phtae4e05c67","pht6c804da9","pht12e7a8015"]},"pht8a3f9b05d":{"name":"ליהנות מזיכרונות","children":["pht4a5343882","pht96259d626","pht6ce918c46"]},"pht6d60881e":{"name":"ניהול ספריית התמונות","children":["pht211de786","pht6d60b524","pht6d60d10f","pht6d60348f","pht6be18f93","pht1ed9b966d"]},"pht50acf4c2":{"name":"שיתוף תמונות ב-iCloud","children":["pht7a4c765b","pht013f36be9","phtf7fe6394","pht5f6df5f0","phtdfcac5c5","pht884a8908"]},"pht7c4f353b":{"name":"יצירת כרטיסים","children":["pht6e157ba6","pht337d15be","pht6e15aa61","phtab5e66ba","phtab5e72eb"]},"phtaec3da2a9":{"name":"יצירה והזמנה של הדפסות","children":["phtae8c6530","pht6e15dbdb"]},"phtae8c6530":{"name":"הזמנת תמונות ופרוייקטים מודפסים","children":["pht211dd6d0","pht6e15ea68","pht6e15caf3","pht6e15b35b"]},"pht6d606e4c":{"name":"סידור תמונות באלבומים","children":["phtf677b8f5","pht6d60a1f1","pht6d60ca71","pht211de0d6"]},"apd170d821c07204":{"name":"מ-iCloud","children":["phtf5e48489c","phtc0bf4b9bb"]},"pht6dc708cc":{"name":"שיפור תמונות","children":["pht304c2ace6","phta48b41fd8","phtba22db5d6","pht13f0918f0","phte0af949f0","phtc497e8549","pht5c38b77c5","phte0ee9e101","phteb52f43ce","pht427071907"]},"pht6e41d50b":{"name":"שיתוף תמונות וסרטים","children":["pht50acf4c2","phtc4361d5a","pht6e4207c4","pht6e41eaff","pht1d4c62349","pht6d97570c","pht1324a500e","pht6e157c5f"]},"pht6e15d3aa":{"name":"יצירת פרוייקטים","children":["phtae8c6d40","phtae8c6467","phtb94da2f9","pht7c4f353b"]},"phtae8c6467":{"name":"יצירת ספרים","children":["pht6e159147","pht337d0a03","pht337d0fd8","pht6e15c151","phtab5e6905","pht245fde94","phtab5e682b"]},"phtb94da2f9":{"name":"יצירת לוחות שנה","children":["phtb94d7e13","phtb94d7d07","phtb94d9674","phtb94d9019","phtb94da1cb","phtb94d945b"]},"phtc497e8549":{"name":"כוונון המראה של תמונות","children":["phtc9d389ecc","phtfd442cdbb","pht335dba352"]}},"birdseed_version":5,"toc":["pht035bc2c35","pht6c803a97","pht6d6040d1","pht8a3f9b05d","pht6dc708cc","pht6e41d50b","pht6e15d3aa","phtaec3da2a9","pht5302d0f6","pht3e99bb42d"],"locale":"he","version":"1.2","source_schema":"apd-schema","enable_tracking":false,"platform":"mac","build_date":"2016.07.22-03:15:25","landing":"pht54710c4e","product":"photos","urls":{},"copyright":"","show_previous_next":false,"topics":{"phtb94d945b":{"name":"מחיקת לוח שנה"},"pht6e157ba6":{"name":"יצירת כרטיס"},"pht40b0be510":{"name":"בחירה וביטול בחירה בתמונות"},"phta58cd90d3":{"name":"סקירה"},"phtb66b3c010":{"name":"שינוי אופן ההצגה של תמונות"},"pht245fde94":{"name":"יצירת מפות בספר"},"pht6d60b524":{"name":"שימוש במספר ספריות"},"pht5706dfc6":{"name":"iCloud","categories":["aside"]},"pht6d60ca71":{"name":"יצירת אלבומים חכמים"},"pht8a576439":{"name":"קבלת עדכונים עבור ״תמונות״"},"pht9bb241b3":{"name":"בחירת תמונות","categories":["aside"]},"pht96259d626":{"name":"הצגת זיכרונות"},"pht5f6df5f0":{"name":"שינוי אלבום משותף"},"phtf677b8f5":{"name":"מהם אלבומים?"},"pht6e15aa61":{"name":"הוספה והסרה של תמונות"},"pht304c2ace6":{"name":"היסודות של עריכה"},"pht211de0d6":{"name":"יצירת תיקיות"},"pht427071907":{"name":"עריכה תוך שימוש בהרחבות"},"pht6d60348f":{"name":"שחזור מ-⁠Time Machine"},"phtf5e48489c":{"name":"מספריית התמונות ב-iCloud"},"phtc0bf4b9bb":{"name":"מ״זרם התמונות שלי״"},"phtfd442cdbb":{"name":"עריכת התאמות מתקדמות"},"pht6e15b35b":{"name":"הזמנת ספר, כרטיס או לוח שנה"},"phte0ee9e101":{"name":"הסרת עיניים אדומות"},"pht6e15c151":{"name":"עבודה עם עמודים"},"pht98de9564":{"name":"הוצא","categories":["aside"]},"phtc3c7c148":{"name":"פריסת עמודים","categories":["aside"]},"pht211de786":{"name":"סקירה"},"pht101081c3":{"name":"תמונה ממוזערת","categories":["aside"]},"pht9b4411b24":{"name":"קיצורים ומחוות באמצעות המקלדת","href":"pht9b4411b24.html","searchName":"קיצורי מקלדת לעבודה ב-Photos"},"pht10107b78":{"name":"יחס גודל","categories":["aside"]},"phtab5e682b":{"name":"מחיקת ספר"},"pht6d60a1f1":{"name":"יצירת אלבומים"},"pht884a8908":{"name":"הרשמה כמנוי\/ה לאלבומים"},"phtab5e72eb":{"name":"מחיקת כרטיס"},"pht013f36be9":{"name":"הפעלה או ביטול של שיתוף תמונות ב-iCloud"},"pht211dd6d0":{"name":"סקירה"},"phtb94d7d07":{"name":"סידור תמונות"},"pht6e159147":{"name":"יצירת אלבום תמונות"},"pht335dba352":{"name":"התאמה אישית של החלונית ״התאמות״"},"pht6ce918c46":{"name":"שיתוף זיכרונות"},"phtba22db5d6":{"name":"סיבוב תמונות"},"pht6e41eaff":{"name":"‏Facebook‏, Flickr ו-Twitter"},"phtf7fe6394":{"name":"יצירת אלבום משותף"},"pht035bc2c35":{"name":"סקירת היישום ״תמונות״"},"pht4a5343882":{"name":"יצירת זיכרונות"},"pht337d15be":{"name":"סידור תמונות"},"pht8d0ad5198":{"name":"חיפוש תמונות לפי מילת מפתח"},"pht2951dfb9":{"name":"מחוות משטח המגע"},"phtb711c0fd":{"name":"Apple ID","categories":["aside"]},"pht5156cc968":{"name":"הגדרת העדפות עבור היישום ״תמונות״","searchName":"העדפות ״תמונות״"},"phta4e5a733f":{"name":"הצגה והוספה של פרטי תמונות"},"pht337d0fd8":{"name":"הוספה והסרה של תמונות"},"pht54710c4e":{"name":"עזרה עבור ״תמונות״","href":"pht54710c4e.html","categories":["landing"]},"pht6e15ea68":{"name":"הזמנת הדפסות מקצועיות"},"phtb94d7e13":{"name":"יצירת לוח שנה"},"phtae4e05c67":{"name":"ממדיית אחסון"},"phtab5e6905":{"name":"עיצוב מלל של ספר"},"phteb52f43ce":{"name":"סימון תמונה"},"pht6e157c5f":{"name":"ייצוא תמונות, סרטים ומצגות"},"pht1ed9b966d":{"name":"שינוי המיקום שבו ״תמונות״ מאחסן את הקבצים שלך"},"pht6d97570c":{"name":"iTunes"},"pht4c00b8ddc":{"name":"הצגת תמונות לפי מיקום"},"pht6dc73ede":{"name":"עריכה ללא גרימת נזק","categories":["aside"]},"pht3bfab2f96":{"name":"מחיקת תמונות ווידאו"},"pht56eafa987":{"name":"הצגת תמונות"},"pht6c804da9":{"name":"מיישומים אחרים"},"pht13f0918f0":{"name":"חיתוך ויישור של תמונות"},"phte0af949f0":{"name":"החלת מסננים על תמונות"},"phtc9d389ecc":{"name":"כוונון תמונה"},"pht5c38b77c5":{"name":"תיקון תמונות"},"pht6e4207c4":{"name":"״דואר״"},"phtae8c6d40":{"name":"יצירת מצגות"},"phtb94d9674":{"name":"הוספה או הסרה של תמונות"},"phtb94d9019":{"name":"שינוי פרטי התאריך"},"phtb94da1cb":{"name":"עיצוב מלל של לוח שנה"},"phtc4361d5a":{"name":"הודעות"},"pht6e15caf3":{"name":"הכנת פרוייקט להדפסה"},"pht6d60d10f":{"name":"גיבוי ספריית התמונות"},"pht6be18f93":{"name":"תיקון הספריה"},"pht10107cfa":{"name":"תמונה ראשית","categories":["aside"]},"phtc3c7b374":{"name":"כרטיס SD","categories":["aside"]},"pht6e15dbdb":{"name":"הדפסת התמונות שלך"},"pht6e593112":{"name":"קיצורי מקלדת","searchName":"קיצורי מקלדת לעבודה ב-Photos"},"pht6d975c7d":{"name":"צפייה בסרטים"},"pht98de9846":{"name":"אפקט Ken Burns","categories":["aside"]},"pht6c803201":{"name":"ממצלמה או ממכשיר נייד"},"pht5188d4d20":{"name":"סמלים של קיצורי מקלדת"},"phte3af82548":{"name":"Live Photo","categories":["aside"]},"phta48b41fd8":{"name":"שיפור אוטומטי של תמונות"},"pht93cb7bc67":{"name":"לחיצה חזקה","categories":["aside"]},"pht98de9f27":{"name":"תמונות במבנה RAW","categories":["aside"]},"pht1324a500e":{"name":"יישומים ואתרים אחרים"},"phtdbd88e7a":{"name":"אלבומי תמונות ואלבומים חכמים","categories":["aside"]},"pht337d0a03":{"name":"סידור תמונות"},"pht64de33e5a":{"name":"חיפוש תמונות לפי מלל או תאריך"},"phtad9d981ab":{"name":"חיפוש תמונות של אנשים"},"phtdfcac5c5":{"name":"ניהול מנויים"},"phtc94a1416":{"name":"עוד משאבים"},"pht7a4c765b":{"name":"סקירה"},"pht12e7a8015":{"name":"היכן נמצאים הקבצים שייבאתי?"},"phtda5be08b":{"name":"מילת מפתח","categories":["aside"]},"pht1d4c62349":{"name":"AirDrop"},"phtab5e66ba":{"name":"עיצוב מלל של כרטיס"},"phtc3c7c06e":{"name":"מבנים של קבצי תמונה","categories":["aside"]}},"copyright_text":"‏© 2016 Apple בע״מ. כל הזכויות שמורות."}