{"css":"","framework":"duck-10.1.0","title":"Справка Фото","build_id":"5791b335094622a65e5e7358","quick_links":[],"icon":"..\/SharedGlobalArt\/AppIconDefault_Photos.png","sections":{"pht5302d0f6":{"name":"Работа с программой «Фото»","children":["pht5156cc968","pht6d60881e","pht8a576439"]},"pht3e99bb42d":{"name":"Жесты и сочетания клавиш","children":["pht2951dfb9","pht6e593112","pht5188d4d20"]},"pht6d6040d1":{"name":"Просмотр и организация фотографий","children":["pht56eafa987","pht40b0be510","phtb66b3c010","phta4e5a733f","apd679d1dae29e04","pht6d606e4c","pht6d975c7d","pht3bfab2f96"]},"apd679d1dae29e04":{"name":"Поиск фотографий","children":["pht64de33e5a","pht8d0ad5198","phtad9d981ab","pht4c00b8ddc"]},"pht6c803a97":{"name":"Импорт фотографий и видео","children":["phta58cd90d3","apd170d821c07204","pht6c803201","phtae4e05c67","pht6c804da9","pht12e7a8015"]},"pht8a3f9b05d":{"name":"Фотографии на память","children":["pht4a5343882","pht96259d626","pht6ce918c46"]},"pht6d60881e":{"name":"Управление медиатекой Фото","children":["pht211de786","pht6d60b524","pht6d60d10f","pht6d60348f","pht6be18f93","pht1ed9b966d"]},"pht50acf4c2":{"name":"Общий доступ к фото iCloud","children":["pht7a4c765b","pht013f36be9","phtf7fe6394","pht5f6df5f0","phtdfcac5c5","pht884a8908"]},"pht7c4f353b":{"name":"Создание открыток","children":["pht6e157ba6","pht337d15be","pht6e15aa61","phtab5e66ba","phtab5e72eb"]},"phtaec3da2a9":{"name":"Создание и заказ отпечатков","children":["phtae8c6530","pht6e15dbdb"]},"phtae8c6530":{"name":"Заказ печати фотографий и проектов","children":["pht211dd6d0","pht6e15ea68","pht6e15caf3","pht6e15b35b"]},"pht6d606e4c":{"name":"Организация фотографий в альбомы","children":["phtf677b8f5","pht6d60a1f1","pht6d60ca71","pht211de0d6"]},"apd170d821c07204":{"name":"Из iCloud","children":["phtf5e48489c","phtc0bf4b9bb"]},"pht6dc708cc":{"name":"Улучшение фотографий","children":["pht304c2ace6","phta48b41fd8","phtba22db5d6","pht13f0918f0","phte0af949f0","phtc497e8549","pht5c38b77c5","phte0ee9e101","phteb52f43ce","pht427071907"]},"pht6e41d50b":{"name":"Предоставление доступа к фотографиям и видео","children":["pht50acf4c2","phtc4361d5a","pht6e4207c4","pht6e41eaff","pht1d4c62349","pht6d97570c","pht1324a500e","pht6e157c5f"]},"pht6e15d3aa":{"name":"Создание проектов","children":["phtae8c6d40","phtae8c6467","phtb94da2f9","pht7c4f353b"]},"phtae8c6467":{"name":"Создание альбомов","children":["pht6e159147","pht337d0a03","pht337d0fd8","pht6e15c151","phtab5e6905","pht245fde94","phtab5e682b"]},"phtb94da2f9":{"name":"Создание календарей","children":["phtb94d7e13","phtb94d7d07","phtb94d9674","phtb94d9019","phtb94da1cb","phtb94d945b"]},"phtc497e8549":{"name":"Настройка внешнего вида фотографий","children":["phtc9d389ecc","phtfd442cdbb","pht335dba352"]}},"birdseed_version":5,"toc":["pht035bc2c35","pht6c803a97","pht6d6040d1","pht8a3f9b05d","pht6dc708cc","pht6e41d50b","pht6e15d3aa","phtaec3da2a9","pht5302d0f6","pht3e99bb42d"],"locale":"ru","version":"1.2","source_schema":"apd-schema","enable_tracking":false,"platform":"mac","build_date":"2016.07.22-03:24:00","landing":"pht54710c4e","product":"photos","urls":{},"copyright":"","show_previous_next":false,"topics":{"phtb94d945b":{"name":"Удаление календаря"},"pht6e157ba6":{"name":"Создание открытки"},"pht40b0be510":{"name":"Выбор и отмена выбора фотографий"},"phta58cd90d3":{"name":"Обзор"},"phtb66b3c010":{"name":"Изменение способа отображения фотографий"},"pht245fde94":{"name":"Создание карт в альбоме"},"pht6d60b524":{"name":"Использование нескольких медиатек"},"pht5706dfc6":{"name":"iCloud","categories":["aside"]},"pht6d60ca71":{"name":"Создание смарт-альбомов"},"pht8a576439":{"name":"Обновление программы «Фото»"},"pht9bb241b3":{"name":"выбор фотографий","categories":["aside"]},"pht96259d626":{"name":"Просмотр воспоминаний"},"pht5f6df5f0":{"name":"Изменение общего альбома"},"phtf677b8f5":{"name":"Что такое альбомы?"},"pht6e15aa61":{"name":"Добавление и удаление фотографий"},"pht304c2ace6":{"name":"Основы редактирования"},"pht211de0d6":{"name":"Создание папок"},"pht427071907":{"name":"Редактирование с помощью расширений"},"pht6d60348f":{"name":"Восстановление из Time Machine"},"phtf5e48489c":{"name":"Из Медиатеки iCloud"},"phtc0bf4b9bb":{"name":"Из Моего фотопотока"},"phtfd442cdbb":{"name":"Расширенные настройки"},"pht6e15b35b":{"name":"Заказ книги, открытки или календаря"},"phte0ee9e101":{"name":"Удаление эффекта красных глаз"},"pht6e15c151":{"name":"Работа со страницами"},"pht98de9564":{"name":"извлечение","categories":["aside"]},"phtc3c7c148":{"name":"разворот страницы","categories":["aside"]},"pht211de786":{"name":"Обзор"},"pht101081c3":{"name":"миниатюры","categories":["aside"]},"pht9b4411b24":{"name":"Сочетания клавиш и жесты","href":"pht9b4411b24.html","searchName":"Сочетания клавиш программы «Фото»"},"pht10107b78":{"name":"соотношение сторон","categories":["aside"]},"phtab5e682b":{"name":"Удаление книги"},"pht6d60a1f1":{"name":"Создание альбомов"},"pht884a8908":{"name":"Подписка на альбомы"},"phtab5e72eb":{"name":"Удаление открытки"},"pht013f36be9":{"name":"Включение и отключение функции «Общий доступ к фото iCloud»"},"pht211dd6d0":{"name":"Обзор"},"phtb94d7d07":{"name":"Размещение фотографий"},"pht6e159147":{"name":"Создание фотокниги"},"pht335dba352":{"name":"Выбор внешнего вида панели «Настройки»"},"pht6ce918c46":{"name":"Обмен воспоминаниями"},"phtba22db5d6":{"name":"Поворот фотографий"},"pht6e41eaff":{"name":"Facebook, Flickr и Twitter"},"phtf7fe6394":{"name":"Создание общего альбома"},"pht035bc2c35":{"name":"Общие сведения о программе «Фото»"},"pht4a5343882":{"name":"Создание воспоминаний"},"pht337d15be":{"name":"Размещение фотографий"},"pht8d0ad5198":{"name":"Поиск фотографий по ключевому слову"},"pht2951dfb9":{"name":"Жесты трекпада"},"phtb711c0fd":{"name":"Apple ID","categories":["aside"]},"pht5156cc968":{"name":"Установка настроек программы «Фото»","searchName":"Настройки программы «Фото»"},"phta4e5a733f":{"name":"Просмотр и добавление информации о фотографии"},"pht337d0fd8":{"name":"Добавление и удаление фотографий"},"pht54710c4e":{"name":"Справка Фото","href":"pht54710c4e.html","categories":["landing"]},"pht6e15ea68":{"name":"Заказ профессиональной печати"},"phtb94d7e13":{"name":"Создание календаря"},"phtae4e05c67":{"name":"С накопителя"},"phtab5e6905":{"name":"Форматирование текста книги"},"phteb52f43ce":{"name":"Разметка фотографии"},"pht6e157c5f":{"name":"Экспорт фотографий, видео и слайд-шоу"},"pht1ed9b966d":{"name":"Изменение места хранения фотографий в программе «Фото»"},"pht6d97570c":{"name":"iTunes"},"pht4c00b8ddc":{"name":"Просмотр фотографий по месту"},"pht6dc73ede":{"name":"редактирование без разрушения","categories":["aside"]},"pht3bfab2f96":{"name":"Удаление фотографий и видео"},"pht56eafa987":{"name":"Просмотр фотографий"},"pht6c804da9":{"name":"Из других программ"},"pht13f0918f0":{"name":"Усечение и выпрямление фотографий"},"phte0af949f0":{"name":"Применение фильтров к фотографиям"},"phtc9d389ecc":{"name":"Корректировка фотографии"},"pht5c38b77c5":{"name":"Ретушь фотографий"},"pht6e4207c4":{"name":"Почта"},"phtae8c6d40":{"name":"Создание слайд-шоу"},"phtb94d9674":{"name":"Добавление и удаление фотографий"},"phtb94d9019":{"name":"Изменение информации о дате"},"phtb94da1cb":{"name":"Форматирование текста календаря"},"phtc4361d5a":{"name":"Сообщения"},"pht6e15caf3":{"name":"Подготовка проекта для печати"},"pht6d60d10f":{"name":"Резервное копирование медиатеки Фото"},"pht6be18f93":{"name":"Восстановление медиатеки"},"pht10107cfa":{"name":"ключевая фотография","categories":["aside"]},"phtc3c7b374":{"name":"карта SD","categories":["aside"]},"pht6e15dbdb":{"name":"Печать фотографий"},"pht6e593112":{"name":"Сочетания клавиш","searchName":"Сочетания клавиш программы «Фото»"},"pht6d975c7d":{"name":"Просмотр видео"},"pht98de9846":{"name":"эффект Кена Бернса","categories":["aside"]},"pht6c803201":{"name":"С камеры или мобильного устройства"},"pht5188d4d20":{"name":"Символы сочетаний клавиш"},"phte3af82548":{"name":"Live Photo","categories":["aside"]},"phta48b41fd8":{"name":"Автоматическое улучшение фотографий"},"pht93cb7bc67":{"name":"нажатие с усилием","categories":["aside"]},"pht98de9f27":{"name":"фотографии формата RAW","categories":["aside"]},"pht1324a500e":{"name":"Другие программы и веб-сайты"},"phtdbd88e7a":{"name":"фотоальбомы и смарт-альбомы","categories":["aside"]},"pht337d0a03":{"name":"Размещение фотографий"},"pht64de33e5a":{"name":"Поиск фотографий по тексту или дате"},"phtad9d981ab":{"name":"Поиск фотографий людей"},"phtdfcac5c5":{"name":"Управление подписчиками"},"phtc94a1416":{"name":"Другие ресурсы"},"pht7a4c765b":{"name":"Обзор"},"pht12e7a8015":{"name":"Местонахождение импортированных файлов"},"phtda5be08b":{"name":"ключевые слова","categories":["aside"]},"pht1d4c62349":{"name":"AirDrop"},"phtab5e66ba":{"name":"Форматирование текста открытки"},"phtc3c7c06e":{"name":"форматы файлов изображений","categories":["aside"]}},"copyright_text":"Copyright © 2016 Apple Inc. Все права защищены."}