{"css":"","framework":"duck-10.1.0","title":"Pomoc Zdjęć","build_id":"579f92dc094622b916be6130","quick_links":[],"icon":"..\/SharedGlobalArt\/AppIconDefault_Photos.png","sections":{"pht5302d0f6":{"name":"Praca w programie Zdjęcia","children":["pht5156cc968","pht6d60881e","pht8a576439"]},"pht3e99bb42d":{"name":"Gesty i skróty klawiszowe","children":["pht2951dfb9","pht6e593112","pht5188d4d20"]},"pht6d6040d1":{"name":"Przeglądanie i porządkowanie zdjęć","children":["pht56eafa987","pht40b0be510","phtb66b3c010","phta4e5a733f","apd679d1dae29e04","pht6d606e4c","pht6d975c7d","pht3bfab2f96"]},"apd679d1dae29e04":{"name":"Znajdowanie zdjęć","children":["pht64de33e5a","pht8d0ad5198","phtad9d981ab","pht4c00b8ddc"]},"pht6c803a97":{"name":"Importowanie zdjęć i wideo","children":["phta58cd90d3","apd170d821c07204","pht6c803201","phtae4e05c67","pht6c804da9","pht12e7a8015"]},"pht8a3f9b05d":{"name":"Cieszenie się wspomnieniami","children":["pht4a5343882","pht96259d626","pht6ce918c46"]},"pht6d60881e":{"name":"Zarządzanie biblioteką programu Zdjęcia","children":["pht211de786","pht6d60b524","pht6d60d10f","pht6d60348f","pht6be18f93","pht1ed9b966d"]},"pht50acf4c2":{"name":"Udostępnianie zdjęć przez iCloud","children":["pht7a4c765b","pht013f36be9","phtf7fe6394","pht5f6df5f0","phtdfcac5c5","pht884a8908"]},"pht7c4f353b":{"name":"Tworzenie kart","children":["pht6e157ba6","pht337d15be","pht6e15aa61","phtab5e66ba","phtab5e72eb"]},"phtaec3da2a9":{"name":"Tworzenie i zamawianie odbitek","children":["phtae8c6530","pht6e15dbdb"]},"phtae8c6530":{"name":"Zamawianie odbitek i produktów drukowanych","children":["pht211dd6d0","pht6e15ea68","pht6e15caf3","pht6e15b35b"]},"pht6d606e4c":{"name":"Organizowanie zdjęć w albumach","children":["phtf677b8f5","pht6d60a1f1","pht6d60ca71","pht211de0d6"]},"apd170d821c07204":{"name":"Z iCloud","children":["phtf5e48489c","phtc0bf4b9bb"]},"pht6dc708cc":{"name":"Poprawianie zdjęć","children":["pht304c2ace6","phta48b41fd8","phtba22db5d6","pht13f0918f0","phte0af949f0","phtc497e8549","pht5c38b77c5","phte0ee9e101","phteb52f43ce","pht427071907"]},"pht6e41d50b":{"name":"Udostępnianie zdjęć i wideo","children":["pht50acf4c2","phtc4361d5a","pht6e4207c4","pht6e41eaff","pht1d4c62349","pht6d97570c","pht1324a500e","pht6e157c5f"]},"pht6e15d3aa":{"name":"Tworzenie projektów","children":["phtae8c6d40","phtae8c6467","phtb94da2f9","pht7c4f353b"]},"phtae8c6467":{"name":"Tworzenie książek","children":["pht6e159147","pht337d0a03","pht337d0fd8","pht6e15c151","phtab5e6905","pht245fde94","phtab5e682b"]},"phtb94da2f9":{"name":"Tworzenie kalendarzy","children":["phtb94d7e13","phtb94d7d07","phtb94d9674","phtb94d9019","phtb94da1cb","phtb94d945b"]},"phtc497e8549":{"name":"Korygowanie wyglądu zdjęć","children":["phtc9d389ecc","phtfd442cdbb","pht335dba352"]}},"birdseed_version":5,"toc":["pht035bc2c35","pht6c803a97","pht6d6040d1","pht8a3f9b05d","pht6dc708cc","pht6e41d50b","pht6e15d3aa","phtaec3da2a9","pht5302d0f6","pht3e99bb42d"],"locale":"pl","version":"1.2","source_schema":"apd-schema","enable_tracking":false,"platform":"mac","build_date":"2016.08.01-11:34:52","landing":"pht54710c4e","product":"photos","urls":{},"copyright":"","show_previous_next":false,"topics":{"phtb94d945b":{"name":"Usuwanie kalendarza"},"pht6e157ba6":{"name":"Tworzenie karty"},"pht40b0be510":{"name":"Zaznaczanie lub usuwanie zaznaczenia zdjęć"},"phta58cd90d3":{"name":"Przegląd"},"phtb66b3c010":{"name":"Zmiana sposobu wyświetlania zdjęć"},"pht245fde94":{"name":"Tworzenie map w książce"},"pht6d60b524":{"name":"Korzystanie z wielu bibliotek"},"pht5706dfc6":{"name":"iCloud","categories":["aside"]},"pht6d60ca71":{"name":"Tworzenie albumów inteligentnych"},"pht8a576439":{"name":"Uaktualnianie programu Zdjęcia"},"pht9bb241b3":{"name":"zaznaczanie zdjęć","categories":["aside"]},"pht96259d626":{"name":"Wyświetlenie wspomnień"},"pht5f6df5f0":{"name":"Zmiana albumu udostępnianego"},"phtf677b8f5":{"name":"Czym są albumy?"},"pht6e15aa61":{"name":"Dodawanie i usuwanie zdjęć"},"pht304c2ace6":{"name":"Podstawy edycji"},"pht211de0d6":{"name":"Tworzenie katalogów"},"pht427071907":{"name":"Edycja przy użyciu rozszerzeń"},"pht6d60348f":{"name":"Odtwarzanie z Time Machine"},"phtf5e48489c":{"name":"Z biblioteki zdjęć iCloud"},"phtc0bf4b9bb":{"name":"Ze swojego strumienia zdjęć"},"phtfd442cdbb":{"name":"Stosowanie korekt zaawansowanych"},"pht6e15b35b":{"name":"Zamawianie książki, karty lub kalendarza"},"phte0ee9e101":{"name":"Usuwanie efektu „czerwonych oczu”"},"pht6e15c151":{"name":"Praca ze stronami"},"pht98de9564":{"name":"wysuwanie","categories":["aside"]},"phtc3c7c148":{"name":"rozkładówka","categories":["aside"]},"pht211de786":{"name":"Przegląd"},"pht101081c3":{"name":"miniaturka","categories":["aside"]},"pht9b4411b24":{"name":"Skróty klawiszowe i gesty","href":"pht9b4411b24.html","searchName":"Skróty klawiszowe w programie Zdjęcia"},"pht10107b78":{"name":"proporcje","categories":["aside"]},"phtab5e682b":{"name":"Usuwanie książki"},"pht6d60a1f1":{"name":"Tworzenie albumów"},"pht884a8908":{"name":"Subskrybowanie albumów"},"phtab5e72eb":{"name":"Usuwanie karty"},"pht013f36be9":{"name":"Włączanie i wyłączanie funkcji Udostępnianie zdjęć iCloud"},"pht211dd6d0":{"name":"Przegląd"},"phtb94d7d07":{"name":"Układanie zdjęć"},"pht6e159147":{"name":"Tworzenie książki ze zdjęciami"},"pht335dba352":{"name":"Dostosowywanie panelu Korekty"},"pht6ce918c46":{"name":"Udostępnianie wspomnień"},"phtba22db5d6":{"name":"Obracanie zdjęć"},"pht6e41eaff":{"name":"Facebook, Flickr i Twitter"},"phtf7fe6394":{"name":"Tworzenie albumu udostępnianego"},"pht035bc2c35":{"name":"Omówienie programu Zdjęcia"},"pht4a5343882":{"name":"Tworzenie wspomnień"},"pht337d15be":{"name":"Układanie zdjęć"},"pht8d0ad5198":{"name":"Znajdowanie zdjęć według słowa kluczowego"},"pht2951dfb9":{"name":"Gesty gładzika"},"phtb711c0fd":{"name":"Apple ID","categories":["aside"]},"pht5156cc968":{"name":"Ustawianie preferencji Zdjęć","searchName":"Preferencje Zdjęć"},"phta4e5a733f":{"name":"Wyświetlanie i dodawanie informacji o zdjęciach"},"pht337d0fd8":{"name":"Dodawanie i usuwanie zdjęć"},"pht54710c4e":{"name":"Pomoc Zdjęć","href":"pht54710c4e.html","categories":["landing"]},"pht6e15ea68":{"name":"Zamawianie profesjonalnych odbitek"},"phtb94d7e13":{"name":"Tworzenie kalendarza"},"phtae4e05c67":{"name":"Z nośnika danych"},"phtab5e6905":{"name":"Formatowanie tekstu w książce"},"phteb52f43ce":{"name":"Oznaczanie zdjęcia"},"pht6e157c5f":{"name":"Eksportowanie zdjęć, wideo i pokazów slajdów"},"pht1ed9b966d":{"name":"Zmiana miejsca przechowywania zdjęć przez program Zdjęcia"},"pht6d97570c":{"name":"iTunes"},"pht4c00b8ddc":{"name":"Wyświetlanie zdjęć według miejsc"},"pht6dc73ede":{"name":"edycja niedestrukcyjna edycja niedestruktywna","categories":["aside"]},"pht3bfab2f96":{"name":"Usuwanie zdjęć i wideo"},"pht56eafa987":{"name":"Przeglądanie zdjęć"},"pht6c804da9":{"name":"Z innych programów"},"pht13f0918f0":{"name":"Kadrowanie lub prostowanie zdjęć"},"phte0af949f0":{"name":"Stosowanie filtrów do zdjęć"},"phtc9d389ecc":{"name":"Korygowanie zdjęcia"},"pht5c38b77c5":{"name":"Retuszowanie zdjęć"},"pht6e4207c4":{"name":"Mail"},"phtae8c6d40":{"name":"Tworzenie pokazów slajdów"},"phtb94d9674":{"name":"Dodawanie lub usuwanie zdjęć"},"phtb94d9019":{"name":"Zmiana dat"},"phtb94da1cb":{"name":"Formatowanie tekstu w kalendarzu"},"phtc4361d5a":{"name":"Wiadomości"},"pht6e15caf3":{"name":"Przygotowywanie projektu do wydrukowania"},"pht6d60d10f":{"name":"Archiwizowanie biblioteki programu Zdjęcia"},"pht6be18f93":{"name":"Naprawianie biblioteki"},"pht10107cfa":{"name":"zdjęcie kluczowe","categories":["aside"]},"phtc3c7b374":{"name":"karta SD","categories":["aside"]},"pht6e15dbdb":{"name":"Drukowanie własnych zdjęć"},"pht6e593112":{"name":"Skróty klawiszowe","searchName":"Skróty klawiszowe w programie Zdjęcia"},"pht6d975c7d":{"name":"Wyświetlanie wideo"},"pht98de9846":{"name":"efekt Kena Burnsa","categories":["aside"]},"pht6c803201":{"name":"Z aparatu lub urządzenia przenośnego"},"pht5188d4d20":{"name":"Symbole skrótów klawiszowych"},"phte3af82548":{"name":"Live Photo","categories":["aside"]},"phta48b41fd8":{"name":"Automatyczne korekcje zdjęć"},"pht93cb7bc67":{"name":"kliknięcie mocne","categories":["aside"]},"pht98de9f27":{"name":"zdjęcia w formacie RAW","categories":["aside"]},"pht1324a500e":{"name":"Inne programy i serwisy"},"phtdbd88e7a":{"name":"albumy ze zdjęciami i albumy inteligentne","categories":["aside"]},"pht337d0a03":{"name":"Układanie zdjęć"},"pht64de33e5a":{"name":"Znajdowanie zdjęć według tekstu lub daty"},"phtad9d981ab":{"name":"Znajdowanie zdjęć osób"},"phtdfcac5c5":{"name":"Zarządzanie subskrybentami"},"phtc94a1416":{"name":"Dodatkowe materiały"},"pht7a4c765b":{"name":"Przegląd"},"pht12e7a8015":{"name":"Gdzie są moje zaimportowane pliki?"},"phtda5be08b":{"name":"słowo kluczowe","categories":["aside"]},"pht1d4c62349":{"name":"AirDrop"},"phtab5e66ba":{"name":"Formatowanie tekstu na karcie"},"phtc3c7c06e":{"name":"formaty graficzne","categories":["aside"]}},"copyright_text":"Copyright © 2016 Apple Inc. Wszystkie prawa zastrzeżone."}