{"css":"","framework":"duck-10.1.0","title":"Ajutor Poze","build_id":"5791b333094622a65e5e7343","quick_links":[],"icon":"..\/SharedGlobalArt\/AppIconDefault_Photos.png","sections":{"pht5302d0f6":{"name":"Lucrul cu aplicația Poze","children":["pht5156cc968","pht6d60881e","pht8a576439"]},"pht3e99bb42d":{"name":"Gesturi și scurtături din tastatură","children":["pht2951dfb9","pht6e593112","pht5188d4d20"]},"pht6d6040d1":{"name":"Vizualizarea și organizarea pozelor dvs.","children":["pht56eafa987","pht40b0be510","phtb66b3c010","phta4e5a733f","apd679d1dae29e04","pht6d606e4c","pht6d975c7d","pht3bfab2f96"]},"apd679d1dae29e04":{"name":"Găsirea pozelor","children":["pht64de33e5a","pht8d0ad5198","phtad9d981ab","pht4c00b8ddc"]},"pht6c803a97":{"name":"Importarea pozelor și a clipurilor video","children":["phta58cd90d3","apd170d821c07204","pht6c803201","phtae4e05c67","pht6c804da9","pht12e7a8015"]},"pht8a3f9b05d":{"name":"Bucurați-vă de amintiri","children":["pht4a5343882","pht96259d626","pht6ce918c46"]},"pht6d60881e":{"name":"Gestionarea bibliotecii dvs. foto","children":["pht211de786","pht6d60b524","pht6d60d10f","pht6d60348f","pht6be18f93","pht1ed9b966d"]},"pht50acf4c2":{"name":"Partajare poze iCloud","children":["pht7a4c765b","pht013f36be9","phtf7fe6394","pht5f6df5f0","phtdfcac5c5","pht884a8908"]},"pht7c4f353b":{"name":"Crearea ilustratelor","children":["pht6e157ba6","pht337d15be","pht6e15aa61","phtab5e66ba","phtab5e72eb"]},"phtaec3da2a9":{"name":"Crearea și comandarea exemplarelor tipărite","children":["phtae8c6530","pht6e15dbdb"]},"phtae8c6530":{"name":"Comandarea pozelor și a proiectelor tipărite","children":["pht211dd6d0","pht6e15ea68","pht6e15caf3","pht6e15b35b"]},"pht6d606e4c":{"name":"Organizarea pozelor în albume","children":["phtf677b8f5","pht6d60a1f1","pht6d60ca71","pht211de0d6"]},"apd170d821c07204":{"name":"De pe iCloud","children":["phtf5e48489c","phtc0bf4b9bb"]},"pht6dc708cc":{"name":"Îmbunătățirea pozelor dvs.","children":["pht304c2ace6","phta48b41fd8","phtba22db5d6","pht13f0918f0","phte0af949f0","phtc497e8549","pht5c38b77c5","phte0ee9e101","phteb52f43ce","pht427071907"]},"pht6e41d50b":{"name":"Partajarea pozelor și a clipurilor dvs. video","children":["pht50acf4c2","phtc4361d5a","pht6e4207c4","pht6e41eaff","pht1d4c62349","pht6d97570c","pht1324a500e","pht6e157c5f"]},"pht6e15d3aa":{"name":"Crearea proiectelor","children":["phtae8c6d40","phtae8c6467","phtb94da2f9","pht7c4f353b"]},"phtae8c6467":{"name":"Crearea cărților","children":["pht6e159147","pht337d0a03","pht337d0fd8","pht6e15c151","phtab5e6905","pht245fde94","phtab5e682b"]},"phtb94da2f9":{"name":"Crearea calendarelor","children":["phtb94d7e13","phtb94d7d07","phtb94d9674","phtb94d9019","phtb94da1cb","phtb94d945b"]},"phtc497e8549":{"name":"Ajustarea aspectului pozelor","children":["phtc9d389ecc","phtfd442cdbb","pht335dba352"]}},"birdseed_version":5,"toc":["pht035bc2c35","pht6c803a97","pht6d6040d1","pht8a3f9b05d","pht6dc708cc","pht6e41d50b","pht6e15d3aa","phtaec3da2a9","pht5302d0f6","pht3e99bb42d"],"locale":"ro","version":"1.2","source_schema":"apd-schema","enable_tracking":false,"platform":"mac","build_date":"2016.07.22-03:42:47","landing":"pht54710c4e","product":"photos","urls":{},"copyright":"","show_previous_next":false,"topics":{"phtb94d945b":{"name":"Ștergerea unui calendar"},"pht6e157ba6":{"name":"Crearea unei ilustrate"},"pht40b0be510":{"name":"Selectarea și deselectarea pozelor"},"phta58cd90d3":{"name":"Privire de ansamblu"},"phtb66b3c010":{"name":"Modificarea modului de afișare a pozelor"},"pht245fde94":{"name":"Crearea hărților într-o carte"},"pht6d60b524":{"name":"Utilizarea bibliotecilor multiple"},"pht5706dfc6":{"name":"iCloud","categories":["aside"]},"pht6d60ca71":{"name":"Crearea albumelor inteligente"},"pht8a576439":{"name":"Obținerea de actualizări pentru Poze"},"pht9bb241b3":{"name":"selectarea pozelor","categories":["aside"]},"pht96259d626":{"name":"Vizualizarea amintirilor"},"pht5f6df5f0":{"name":"Modificarea unui album partajat"},"phtf677b8f5":{"name":"Ce sunt albumele?"},"pht6e15aa61":{"name":"Adăugarea și eliminarea pozelor"},"pht304c2ace6":{"name":"Noțiuni elementare privind editarea"},"pht211de0d6":{"name":"Crearea dosarelor"},"pht427071907":{"name":"Editarea folosind extensii"},"pht6d60348f":{"name":"Restaurarea din Time Machine"},"phtf5e48489c":{"name":"Din biblioteca foto iCloud"},"phtc0bf4b9bb":{"name":"Din fluxul dvs. foto"},"phtfd442cdbb":{"name":"Efectuarea ajustărilor avansate"},"pht6e15b35b":{"name":"Comandarea unei cărți, a unei ilustrate sau a unui calendar"},"phte0ee9e101":{"name":"Eliminarea ochilor roșii"},"pht6e15c151":{"name":"Lucrul cu paginile"},"pht98de9564":{"name":"ejectare","categories":["aside"]},"phtc3c7c148":{"name":"pagină dublă","categories":["aside"]},"pht211de786":{"name":"Privire de ansamblu"},"pht101081c3":{"name":"miniatură","categories":["aside"]},"pht9b4411b24":{"name":"Scurtături din tastatură și gesturi","href":"pht9b4411b24.html","searchName":"Scurtături din tastatură pentru Poze"},"pht10107b78":{"name":"raport de dimensiune","categories":["aside"]},"phtab5e682b":{"name":"Ștergerea unei cărți"},"pht6d60a1f1":{"name":"Crearea albumelor"},"pht884a8908":{"name":"Abonarea la albume"},"phtab5e72eb":{"name":"Ștergerea unei ilustrate"},"pht013f36be9":{"name":"Activarea și dezactivarea partajării pozelor iCloud"},"pht211dd6d0":{"name":"Privire de ansamblu"},"phtb94d7d07":{"name":"Aranjarea pozelor"},"pht6e159147":{"name":"Crearea unei cărți foto"},"pht335dba352":{"name":"Personalizarea panoului Ajustări"},"pht6ce918c46":{"name":"Partajarea amintirilor"},"phtba22db5d6":{"name":"Rotirea pozelor"},"pht6e41eaff":{"name":"Facebook, Flickr și Twitter"},"phtf7fe6394":{"name":"Crearea unui album partajat"},"pht035bc2c35":{"name":"Privire de ansamblu Poze"},"pht4a5343882":{"name":"Crearea amintirilor"},"pht337d15be":{"name":"Aranjarea pozelor"},"pht8d0ad5198":{"name":"Găsirea pozelor după cuvinte cheie"},"pht2951dfb9":{"name":"Gesturi pe trackpad"},"phtb711c0fd":{"name":"ID Apple","categories":["aside"]},"pht5156cc968":{"name":"Definirea preferințelor pentru Poze","searchName":"Preferințe pentru Poze"},"phta4e5a733f":{"name":"Vizualizarea și adăugarea informațiilor pozelor"},"pht337d0fd8":{"name":"Adăugarea și eliminarea pozelor"},"pht54710c4e":{"name":"Ajutor Poze","href":"pht54710c4e.html","categories":["landing"]},"pht6e15ea68":{"name":"Comandarea exemplarelor tipărite profesionist"},"phtb94d7e13":{"name":"Crearea unui calendar"},"phtae4e05c67":{"name":"De pe un dispozitiv de stocare"},"phtab5e6905":{"name":"Formarea textului cărții"},"phteb52f43ce":{"name":"Marcarea unei poze"},"pht6e157c5f":{"name":"Exportarea pozelor, clipurilor video și a diaporamelor"},"pht1ed9b966d":{"name":"Schimbarea locului unde sunt stocate fișierele de aplicația Poze"},"pht6d97570c":{"name":"iTunes"},"pht4c00b8ddc":{"name":"Vizualizarea pozelor după localizare"},"pht6dc73ede":{"name":"editare nedistructivă","categories":["aside"]},"pht3bfab2f96":{"name":"Ștergerea pozelor și videoclipurilor"},"pht56eafa987":{"name":"Vizualizarea pozelor"},"pht6c804da9":{"name":"Din alte aplicații"},"pht13f0918f0":{"name":"Decuparea și îndreptarea pozelor"},"phte0af949f0":{"name":"Aplicarea de filtre asupra pozelor"},"phtc9d389ecc":{"name":"Ajustarea unei poze"},"pht5c38b77c5":{"name":"Retușarea pozelor"},"pht6e4207c4":{"name":"Mail"},"phtae8c6d40":{"name":"Crearea diaporamelor"},"phtb94d9674":{"name":"Adăugarea sau eliminarea pozelor"},"phtb94d9019":{"name":"Schimbarea informațiilor de dată"},"phtb94da1cb":{"name":"Formarea textului calendarului"},"phtc4361d5a":{"name":"Mesaje"},"pht6e15caf3":{"name":"Pregătirea unui proiect pentru tipărire"},"pht6d60d10f":{"name":"Efectuarea backupului bibliotecii dvs. foto"},"pht6be18f93":{"name":"Repararea bibliotecii dvs."},"pht10107cfa":{"name":"poză cheie","categories":["aside"]},"phtc3c7b374":{"name":"Card SD","categories":["aside"]},"pht6e15dbdb":{"name":"Tipărirea pozelor dvs."},"pht6e593112":{"name":"Scurtături din tastatură","searchName":"Scurtături din tastatură pentru Poze"},"pht6d975c7d":{"name":"Vizualizarea clipurilor video"},"pht98de9846":{"name":"efect Ken Burns","categories":["aside"]},"pht6c803201":{"name":"De pe o cameră sau un dispozitiv mobil"},"pht5188d4d20":{"name":"Simbolurile scurtăturilor din tastatură"},"phte3af82548":{"name":"Live Photo","categories":["aside"]},"phta48b41fd8":{"name":"Îmbunătățirea automată a pozelor"},"pht93cb7bc67":{"name":"clic prelungit","categories":["aside"]},"pht98de9f27":{"name":"Poze în format RAW","categories":["aside"]},"pht1324a500e":{"name":"Alte aplicații și site-uri web"},"phtdbd88e7a":{"name":"albume foto și albume inteligente","categories":["aside"]},"pht337d0a03":{"name":"Aranjarea pozelor"},"pht64de33e5a":{"name":"Găsirea pozelor după text sau dată"},"phtad9d981ab":{"name":"Găsirea pozelor cu persoanele"},"phtdfcac5c5":{"name":"Gestionarea abonaților"},"phtc94a1416":{"name":"Mai multe resurse"},"pht7a4c765b":{"name":"Privire de ansamblu"},"pht12e7a8015":{"name":"Unde sunt fișierele importate de dvs?"},"phtda5be08b":{"name":"cuvânt cheie","categories":["aside"]},"pht1d4c62349":{"name":"AirDrop"},"phtab5e66ba":{"name":"Formarea textului ilustratei"},"phtc3c7c06e":{"name":"formate de fișiere de imagine","categories":["aside"]}},"copyright_text":"Copyright © 2016 Apple Inc. Toate drepturile rezervate."}