{"css":"","framework":"duck-10.1.0","title":"「照片」輔助說明","build_id":"5791b336094622a65e5e735f","quick_links":[],"icon":"..\/SharedGlobalArt\/AppIconDefault_Photos.png","sections":{"pht5302d0f6":{"name":"搭配「照片」使用","children":["pht5156cc968","pht6d60881e","pht8a576439"]},"pht3e99bb42d":{"name":"手勢和鍵盤快速鍵","children":["pht2951dfb9","pht6e593112","pht5188d4d20"]},"pht6d6040d1":{"name":"檢視和整理照片","children":["pht56eafa987","pht40b0be510","phtb66b3c010","phta4e5a733f","apd679d1dae29e04","pht6d606e4c","pht6d975c7d","pht3bfab2f96"]},"apd679d1dae29e04":{"name":"尋找照片","children":["pht64de33e5a","pht8d0ad5198","phtad9d981ab","pht4c00b8ddc"]},"pht6c803a97":{"name":"輸入照片和影片","children":["phta58cd90d3","apd170d821c07204","pht6c803201","phtae4e05c67","pht6c804da9","pht12e7a8015"]},"pht8a3f9b05d":{"name":"觀賞回憶","children":["pht4a5343882","pht96259d626","pht6ce918c46"]},"pht6d60881e":{"name":"管理「照片」圖庫","children":["pht211de786","pht6d60b524","pht6d60d10f","pht6d60348f","pht6be18f93","pht1ed9b966d"]},"pht50acf4c2":{"name":"iCloud 照片共享","children":["pht7a4c765b","pht013f36be9","phtf7fe6394","pht5f6df5f0","phtdfcac5c5","pht884a8908"]},"pht7c4f353b":{"name":"製作卡片","children":["pht6e157ba6","pht337d15be","pht6e15aa61","phtab5e66ba","phtab5e72eb"]},"phtaec3da2a9":{"name":"製作和訂購沖印產品","children":["phtae8c6530","pht6e15dbdb"]},"phtae8c6530":{"name":"訂購沖印的照片和計畫案","children":["pht211dd6d0","pht6e15ea68","pht6e15caf3","pht6e15b35b"]},"pht6d606e4c":{"name":"以相簿整理照片","children":["phtf677b8f5","pht6d60a1f1","pht6d60ca71","pht211de0d6"]},"apd170d821c07204":{"name":"從 iCloud","children":["phtf5e48489c","phtc0bf4b9bb"]},"pht6dc708cc":{"name":"增進照片品質","children":["pht304c2ace6","phta48b41fd8","phtba22db5d6","pht13f0918f0","phte0af949f0","phtc497e8549","pht5c38b77c5","phte0ee9e101","phteb52f43ce","pht427071907"]},"pht6e41d50b":{"name":"分享照片和影片","children":["pht50acf4c2","phtc4361d5a","pht6e4207c4","pht6e41eaff","pht1d4c62349","pht6d97570c","pht1324a500e","pht6e157c5f"]},"pht6e15d3aa":{"name":"製作計畫案","children":["phtae8c6d40","phtae8c6467","phtb94da2f9","pht7c4f353b"]},"phtae8c6467":{"name":"製作攝影集","children":["pht6e159147","pht337d0a03","pht337d0fd8","pht6e15c151","phtab5e6905","pht245fde94","phtab5e682b"]},"phtb94da2f9":{"name":"製作月曆","children":["phtb94d7e13","phtb94d7d07","phtb94d9674","phtb94d9019","phtb94da1cb","phtb94d945b"]},"phtc497e8549":{"name":"調整照片外觀","children":["phtc9d389ecc","phtfd442cdbb","pht335dba352"]}},"birdseed_version":5,"toc":["pht035bc2c35","pht6c803a97","pht6d6040d1","pht8a3f9b05d","pht6dc708cc","pht6e41d50b","pht6e15d3aa","phtaec3da2a9","pht5302d0f6","pht3e99bb42d"],"locale":"zh-tw","version":"1.2","source_schema":"apd-schema","enable_tracking":false,"platform":"mac","build_date":"2016.07.22-03:37:56","landing":"pht54710c4e","product":"photos","urls":{},"copyright":"","show_previous_next":false,"topics":{"phtb94d945b":{"name":"刪除月曆"},"pht6e157ba6":{"name":"製作卡片"},"pht40b0be510":{"name":"選取和取消選取照片"},"phta58cd90d3":{"name":"概覽"},"phtb66b3c010":{"name":"更改照片的顯示方式"},"pht245fde94":{"name":"在攝影集中製作地圖"},"pht6d60b524":{"name":"使用多個圖庫"},"pht5706dfc6":{"name":"iCloud","categories":["aside"]},"pht6d60ca71":{"name":"製作「智慧型相簿」"},"pht8a576439":{"name":"讓「照片」保持最新狀態"},"pht9bb241b3":{"name":"選擇照片","categories":["aside"]},"pht96259d626":{"name":"檢視回憶"},"pht5f6df5f0":{"name":"更改共享的相簿"},"phtf677b8f5":{"name":"相簿是什麼？"},"pht6e15aa61":{"name":"加入和移除照片"},"pht304c2ace6":{"name":"編輯基本概述"},"pht211de0d6":{"name":"製作檔案夾"},"pht427071907":{"name":"使用延伸功能編輯"},"pht6d60348f":{"name":"從 Time Machine 回復"},"phtf5e48489c":{"name":"從「iCloud 照片圖庫」"},"phtc0bf4b9bb":{"name":"從「我的照片串流」"},"phtfd442cdbb":{"name":"進階調整"},"pht6e15b35b":{"name":"訂購攝影集、卡片或月曆"},"phte0ee9e101":{"name":"移除紅眼"},"pht6e15c151":{"name":"使用頁面"},"pht98de9564":{"name":"退出","categories":["aside"]},"phtc3c7c148":{"name":"全開頁面","categories":["aside"]},"pht211de786":{"name":"概覽"},"pht101081c3":{"name":"縮覽圖","categories":["aside"]},"pht9b4411b24":{"name":"鍵盤快速鍵和手勢","href":"pht9b4411b24.html","searchName":"「照片」中的鍵盤快速鍵"},"pht10107b78":{"name":"大小比例","categories":["aside"]},"phtab5e682b":{"name":"刪除攝影集"},"pht6d60a1f1":{"name":"製作相簿"},"pht884a8908":{"name":"訂閱相簿"},"phtab5e72eb":{"name":"刪除卡片"},"pht013f36be9":{"name":"啟用或關閉「iCloud 照片共享」"},"pht211dd6d0":{"name":"概覽"},"phtb94d7d07":{"name":"排列照片"},"pht6e159147":{"name":"製作照片攝影集"},"pht335dba352":{"name":"自定「調整」面板"},"pht6ce918c46":{"name":"分享回憶"},"phtba22db5d6":{"name":"旋轉照片"},"pht6e41eaff":{"name":"Facebook、Flickr 和 Twitter"},"phtf7fe6394":{"name":"製作共享的相簿"},"pht035bc2c35":{"name":"「照片」概覽"},"pht4a5343882":{"name":"製作回憶"},"pht337d15be":{"name":"排列照片"},"pht8d0ad5198":{"name":"按關鍵字尋找照片"},"pht2951dfb9":{"name":"觸控式軌跡板手勢"},"phtb711c0fd":{"name":"Apple ID","categories":["aside"]},"pht5156cc968":{"name":"設定「照片」偏好設定","searchName":"「照片」偏好設定"},"phta4e5a733f":{"name":"檢視和加入照片資訊"},"pht337d0fd8":{"name":"加入和移除照片"},"pht54710c4e":{"name":"「照片」輔助說明","href":"pht54710c4e.html","categories":["landing"]},"pht6e15ea68":{"name":"訂購專業沖印產品"},"phtb94d7e13":{"name":"製作月曆"},"phtae4e05c67":{"name":"從儲存媒體"},"phtab5e6905":{"name":"修改攝影集的文字格式"},"phteb52f43ce":{"name":"標示照片"},"pht6e157c5f":{"name":"輸出照片、影片和幻燈片秀"},"pht1ed9b966d":{"name":"更改「照片」儲存檔案的位置"},"pht6d97570c":{"name":"iTunes"},"pht4c00b8ddc":{"name":"按地點檢視照片"},"pht6dc73ede":{"name":"非破壞性編輯","categories":["aside"]},"pht3bfab2f96":{"name":"刪除照片和影片"},"pht56eafa987":{"name":"檢視照片"},"pht6c804da9":{"name":"從其他 App"},"pht13f0918f0":{"name":"裁切和校正照片"},"phte0af949f0":{"name":"套用濾鏡到照片"},"phtc9d389ecc":{"name":"調整照片"},"pht5c38b77c5":{"name":"修飾照片"},"pht6e4207c4":{"name":"郵件"},"phtae8c6d40":{"name":"製作幻燈片秀"},"phtb94d9674":{"name":"加入或移除照片"},"phtb94d9019":{"name":"更改日期資訊"},"phtb94da1cb":{"name":"修改月曆的文字格式"},"phtc4361d5a":{"name":"訊息"},"pht6e15caf3":{"name":"準備計畫案供沖印"},"pht6d60d10f":{"name":"備份「照片」圖庫"},"pht6be18f93":{"name":"修復圖庫"},"pht10107cfa":{"name":"主要照片","categories":["aside"]},"phtc3c7b374":{"name":"SD 卡","categories":["aside"]},"pht6e15dbdb":{"name":"列印自己的照片"},"pht6e593112":{"name":"鍵盤快速鍵","searchName":"「照片」中的鍵盤快速鍵"},"pht6d975c7d":{"name":"檢視影片"},"pht98de9846":{"name":"Ken Burns 特效","categories":["aside"]},"pht6c803201":{"name":"從相機或從行動裝置"},"pht5188d4d20":{"name":"鍵盤快速鍵符號"},"phte3af82548":{"name":"Live Photo","categories":["aside"]},"phta48b41fd8":{"name":"自動增強照片"},"pht93cb7bc67":{"name":"用力長按","categories":["aside"]},"pht98de9f27":{"name":"RAW 格式的照片","categories":["aside"]},"pht1324a500e":{"name":"其他 App 和網站"},"phtdbd88e7a":{"name":"照片相簿和「智慧型相簿」","categories":["aside"]},"pht337d0a03":{"name":"排列照片"},"pht64de33e5a":{"name":"按文字或日期尋找照片"},"phtad9d981ab":{"name":"尋找包含人物的照片"},"phtdfcac5c5":{"name":"管理訂閱者"},"phtc94a1416":{"name":"更多資源"},"pht7a4c765b":{"name":"概覽"},"pht12e7a8015":{"name":"我輸入的檔案在哪裡？"},"phtda5be08b":{"name":"關鍵字","categories":["aside"]},"pht1d4c62349":{"name":"AirDrop"},"phtab5e66ba":{"name":"修改卡片的文字格式"},"phtc3c7c06e":{"name":"影像檔案格式","categories":["aside"]}},"copyright_text":"Copyright © 2016 Apple Inc.保留一切權利。"}