{"css":"","framework":"duck-10.1.0","title":"Ajuda Fotos","build_id":"5791b338094622a65e5e7374","quick_links":[],"icon":"..\/SharedGlobalArt\/AppIconDefault_Photos.png","sections":{"pht5302d0f6":{"name":"Treballar amb Fotos","children":["pht5156cc968","pht6d60881e","pht8a576439"]},"pht3e99bb42d":{"name":"Gestos i dreceres de teclat","children":["pht2951dfb9","pht6e593112","pht5188d4d20"]},"pht6d6040d1":{"name":"Veure i organitzar les fotos","children":["pht56eafa987","pht40b0be510","phtb66b3c010","phta4e5a733f","apd679d1dae29e04","pht6d606e4c","pht6d975c7d","pht3bfab2f96"]},"apd679d1dae29e04":{"name":"Buscar fotos","children":["pht64de33e5a","pht8d0ad5198","phtad9d981ab","pht4c00b8ddc"]},"pht6c803a97":{"name":"Importar fotos i vídeos","children":["phta58cd90d3","apd170d821c07204","pht6c803201","phtae4e05c67","pht6c804da9","pht12e7a8015"]},"pht8a3f9b05d":{"name":"Gaudir dels records","children":["pht4a5343882","pht96259d626","pht6ce918c46"]},"pht6d60881e":{"name":"Gestionar la fototeca de Fotos","children":["pht211de786","pht6d60b524","pht6d60d10f","pht6d60348f","pht6be18f93","pht1ed9b966d"]},"pht50acf4c2":{"name":"Compartir fotos amb l’iCloud","children":["pht7a4c765b","pht013f36be9","phtf7fe6394","pht5f6df5f0","phtdfcac5c5","pht884a8908"]},"pht7c4f353b":{"name":"Crear targetes","children":["pht6e157ba6","pht337d15be","pht6e15aa61","phtab5e66ba","phtab5e72eb"]},"phtaec3da2a9":{"name":"Crear i sol·licitar còpies","children":["phtae8c6530","pht6e15dbdb"]},"phtae8c6530":{"name":"Sol·licitar impressions de fotos i projectes","children":["pht211dd6d0","pht6e15ea68","pht6e15caf3","pht6e15b35b"]},"pht6d606e4c":{"name":"Organitzar les fotos en àlbums","children":["phtf677b8f5","pht6d60a1f1","pht6d60ca71","pht211de0d6"]},"apd170d821c07204":{"name":"Des de l’iCloud","children":["phtf5e48489c","phtc0bf4b9bb"]},"pht6dc708cc":{"name":"Millorar les fotos","children":["pht304c2ace6","phta48b41fd8","phtba22db5d6","pht13f0918f0","phte0af949f0","phtc497e8549","pht5c38b77c5","phte0ee9e101","phteb52f43ce","pht427071907"]},"pht6e41d50b":{"name":"Compartir fotos i vídeos","children":["pht50acf4c2","phtc4361d5a","pht6e4207c4","pht6e41eaff","pht1d4c62349","pht6d97570c","pht1324a500e","pht6e157c5f"]},"pht6e15d3aa":{"name":"Crear projectes","children":["phtae8c6d40","phtae8c6467","phtb94da2f9","pht7c4f353b"]},"phtae8c6467":{"name":"Crear llibres","children":["pht6e159147","pht337d0a03","pht337d0fd8","pht6e15c151","phtab5e6905","pht245fde94","phtab5e682b"]},"phtb94da2f9":{"name":"Crear calendaris","children":["phtb94d7e13","phtb94d7d07","phtb94d9674","phtb94d9019","phtb94da1cb","phtb94d945b"]},"phtc497e8549":{"name":"Ajustar l’aspecte de les fotos","children":["phtc9d389ecc","phtfd442cdbb","pht335dba352"]}},"birdseed_version":5,"toc":["pht035bc2c35","pht6c803a97","pht6d6040d1","pht8a3f9b05d","pht6dc708cc","pht6e41d50b","pht6e15d3aa","phtaec3da2a9","pht5302d0f6","pht3e99bb42d"],"locale":"ca","version":"1.2","source_schema":"apd-schema","enable_tracking":false,"platform":"mac","build_date":"2016.07.22-03:38:28","landing":"pht54710c4e","product":"photos","urls":{},"copyright":"","show_previous_next":false,"topics":{"phtb94d945b":{"name":"Eliminar un calendari"},"pht6e157ba6":{"name":"Crear una targeta"},"pht40b0be510":{"name":"Seleccionar i deixar de seleccionar fotos"},"phta58cd90d3":{"name":"Visió general"},"phtb66b3c010":{"name":"Canviar la forma com es visualitzen les fotos"},"pht245fde94":{"name":"Crear mapes en un llibre"},"pht6d60b524":{"name":"Utilitzar diverses fototeques"},"pht5706dfc6":{"name":"iCloud","categories":["aside"]},"pht6d60ca71":{"name":"Crear àlbums intel·ligents"},"pht8a576439":{"name":"Obtenir actualitzacions de Fotos"},"pht9bb241b3":{"name":"seleccionar fotos","categories":["aside"]},"pht96259d626":{"name":"Veure records"},"pht5f6df5f0":{"name":"Canviar un àlbum compartit"},"phtf677b8f5":{"name":"Què són els àlbums?"},"pht6e15aa61":{"name":"Afegir i eliminar fotos"},"pht304c2ace6":{"name":"Conceptes generals d’edició"},"pht211de0d6":{"name":"Crear carpetes"},"pht427071907":{"name":"Editar amb extensions"},"pht6d60348f":{"name":"Restaurar des de Time Machine"},"phtf5e48489c":{"name":"Des de la fototeca de l’iCloud"},"phtc0bf4b9bb":{"name":"Des de “Les meves fotos en streaming”"},"phtfd442cdbb":{"name":"Fer ajusts avançats"},"pht6e15b35b":{"name":"Sol·licitar un llibre, una targeta o un calendari"},"phte0ee9e101":{"name":"Eliminar els ulls vermells"},"pht6e15c151":{"name":"Treballar amb pàgines"},"pht98de9564":{"name":"expulsar","categories":["aside"]},"phtc3c7c148":{"name":"doble pàgina","categories":["aside"]},"pht211de786":{"name":"Visió general"},"pht101081c3":{"name":"miniatura","categories":["aside"]},"pht9b4411b24":{"name":"Gestos i dreceres del teclat","href":"pht9b4411b24.html","searchName":"Dreceres de teclat de Fotos"},"pht10107b78":{"name":"relació de mida","categories":["aside"]},"phtab5e682b":{"name":"Eliminar un llibre"},"pht6d60a1f1":{"name":"Crear àlbums"},"pht884a8908":{"name":"Subscriure’s a àlbums"},"phtab5e72eb":{"name":"Eliminar una targeta"},"pht013f36be9":{"name":"Activar i desactivar “Compartir les fotos de l’iCloud”"},"pht211dd6d0":{"name":"Visió general"},"phtb94d7d07":{"name":"Organitzar les fotos"},"pht6e159147":{"name":"Crear un llibre de fotos"},"pht335dba352":{"name":"Personalitzar el tauler d’ajusts"},"pht6ce918c46":{"name":"Compartir records"},"phtba22db5d6":{"name":"Girar fotos"},"pht6e41eaff":{"name":"Facebook, Flickr i Twitter"},"phtf7fe6394":{"name":"Crear un àlbum compartit"},"pht035bc2c35":{"name":"Visió general de Fotos"},"pht4a5343882":{"name":"Crear records"},"pht337d15be":{"name":"Organitzar les fotos"},"pht8d0ad5198":{"name":"Buscar fotos per paraules clau"},"pht2951dfb9":{"name":"Gestos del trackpad"},"phtb711c0fd":{"name":"ID d’Apple","categories":["aside"]},"pht5156cc968":{"name":"Definir les preferències de Fotos","searchName":"Preferències de Fotos"},"phta4e5a733f":{"name":"Veure i afegir informació sobre les fotos"},"pht337d0fd8":{"name":"Afegir i eliminar fotos"},"pht54710c4e":{"name":"Ajuda Fotos","href":"pht54710c4e.html","categories":["landing"]},"pht6e15ea68":{"name":"Sol·licitar còpies professionals"},"phtb94d7e13":{"name":"Crear un calendari"},"phtae4e05c67":{"name":"Des d’un suport d’emmagatzematge"},"phtab5e6905":{"name":"Modificar el format del text del llibre"},"phteb52f43ce":{"name":"Marcar una foto"},"pht6e157c5f":{"name":"Exportar fotos, vídeos i projeccions"},"pht1ed9b966d":{"name":"Canviar la ubicació on Fotos emmagatzema els arxius"},"pht6d97570c":{"name":"iTunes"},"pht4c00b8ddc":{"name":"Veure fotos per ubicació"},"pht6dc73ede":{"name":"edició no destructiva","categories":["aside"]},"pht3bfab2f96":{"name":"Eliminar fotos i vídeos"},"pht56eafa987":{"name":"Veure fotos"},"pht6c804da9":{"name":"Des d’altres aplicacions"},"pht13f0918f0":{"name":"Retallar i redreçar fotos"},"phte0af949f0":{"name":"Aplicar filtres a fotos"},"phtc9d389ecc":{"name":"Ajustar una foto"},"pht5c38b77c5":{"name":"Retocar fotos"},"pht6e4207c4":{"name":"Mail"},"phtae8c6d40":{"name":"Crear projeccions"},"phtb94d9674":{"name":"Afegir o eliminar fotos"},"phtb94d9019":{"name":"Canviar la informació de data"},"phtb94da1cb":{"name":"Modificar el format del text del calendari"},"phtc4361d5a":{"name":"Missatges"},"pht6e15caf3":{"name":"Preparar un projecte per imprimir-lo"},"pht6d60d10f":{"name":"Fer una còpia de seguretat de la fototeca de Fotos"},"pht6be18f93":{"name":"Reparar la fototeca"},"pht10107cfa":{"name":"foto clau","categories":["aside"]},"phtc3c7b374":{"name":"Targeta SD","categories":["aside"]},"pht6e15dbdb":{"name":"Imprimir les fotos personals"},"pht6e593112":{"name":"Dreceres de teclat","searchName":"Dreceres de teclat de Fotos"},"pht6d975c7d":{"name":"Veure vídeos"},"pht98de9846":{"name":"Efecte Ken Burns","categories":["aside"]},"pht6c803201":{"name":"Des d’una càmera o dispositiu mòbil"},"pht5188d4d20":{"name":"Símbols de drecera de teclat"},"phte3af82548":{"name":"Live Photo","categories":["aside"]},"phta48b41fd8":{"name":"Millorar les fotos automàticament"},"pht93cb7bc67":{"name":"clic fort","categories":["aside"]},"pht98de9f27":{"name":"Fotos amb format RAW","categories":["aside"]},"pht1324a500e":{"name":"Altres aplicacions i llocs web"},"phtdbd88e7a":{"name":"àlbums de fotos i àlbums intel·ligents","categories":["aside"]},"pht337d0a03":{"name":"Organitzar les fotos"},"pht64de33e5a":{"name":"Buscar fotos per text o dates"},"phtad9d981ab":{"name":"Buscar fotos de persones"},"phtdfcac5c5":{"name":"Gestió dels subscriptors"},"phtc94a1416":{"name":"Més recursos"},"pht7a4c765b":{"name":"Visió general"},"pht12e7a8015":{"name":"On són els arxius que he importat?"},"phtda5be08b":{"name":"paraula clau","categories":["aside"]},"pht1d4c62349":{"name":"AirDrop"},"phtab5e66ba":{"name":"Modificar el format del text de la targeta"},"phtc3c7c06e":{"name":"formats d’arxiu d’imatge","categories":["aside"]}},"copyright_text":"Copyright © 2016 Apple Inc. Tots els drets reservats."}