{"css":"","framework":"duck-10.1.0","title":"Ayuda de Fotos","build_id":"5791b329094622a65e5e72ef","quick_links":[],"icon":"..\/SharedGlobalArt\/AppIconDefault_Photos.png","sections":{"pht5302d0f6":{"name":"Trabajando con Fotos","children":["pht5156cc968","pht6d60881e","pht8a576439"]},"pht3e99bb42d":{"name":"Gestos y funciones rápidas de teclado","children":["pht2951dfb9","pht6e593112","pht5188d4d20"]},"pht6d6040d1":{"name":"Ver y organizar fotos","children":["pht56eafa987","pht40b0be510","phtb66b3c010","phta4e5a733f","apd679d1dae29e04","pht6d606e4c","pht6d975c7d","pht3bfab2f96"]},"apd679d1dae29e04":{"name":"Buscar fotos","children":["pht64de33e5a","pht8d0ad5198","phtad9d981ab","pht4c00b8ddc"]},"pht6c803a97":{"name":"Importar fotos y videos","children":["phta58cd90d3","apd170d821c07204","pht6c803201","phtae4e05c67","pht6c804da9","pht12e7a8015"]},"pht8a3f9b05d":{"name":"Disfrutar recuerdos","children":["pht4a5343882","pht96259d626","pht6ce918c46"]},"pht6d60881e":{"name":"Administrar la fototeca de Fotos","children":["pht211de786","pht6d60b524","pht6d60d10f","pht6d60348f","pht6be18f93","pht1ed9b966d"]},"pht50acf4c2":{"name":"Compartir fotos de iCloud","children":["pht7a4c765b","pht013f36be9","phtf7fe6394","pht5f6df5f0","phtdfcac5c5","pht884a8908"]},"pht7c4f353b":{"name":"Crear tarjetas","children":["pht6e157ba6","pht337d15be","pht6e15aa61","phtab5e66ba","phtab5e72eb"]},"phtaec3da2a9":{"name":"Crear y pedir impresiones","children":["phtae8c6530","pht6e15dbdb"]},"phtae8c6530":{"name":"Pedir fotos y proyectos impresos","children":["pht211dd6d0","pht6e15ea68","pht6e15caf3","pht6e15b35b"]},"pht6d606e4c":{"name":"Organizar fotos en álbumes","children":["phtf677b8f5","pht6d60a1f1","pht6d60ca71","pht211de0d6"]},"apd170d821c07204":{"name":"Desde iCloud","children":["phtf5e48489c","phtc0bf4b9bb"]},"pht6dc708cc":{"name":"Mejorar las fotos","children":["pht304c2ace6","phta48b41fd8","phtba22db5d6","pht13f0918f0","phte0af949f0","phtc497e8549","pht5c38b77c5","phte0ee9e101","phteb52f43ce","pht427071907"]},"pht6e41d50b":{"name":"Compartir fotos y videos","children":["pht50acf4c2","phtc4361d5a","pht6e4207c4","pht6e41eaff","pht1d4c62349","pht6d97570c","pht1324a500e","pht6e157c5f"]},"pht6e15d3aa":{"name":"Crear proyectos","children":["phtae8c6d40","phtae8c6467","phtb94da2f9","pht7c4f353b"]},"phtae8c6467":{"name":"Crear libros","children":["pht6e159147","pht337d0a03","pht337d0fd8","pht6e15c151","phtab5e6905","pht245fde94","phtab5e682b"]},"phtb94da2f9":{"name":"Crear calendarios","children":["phtb94d7e13","phtb94d7d07","phtb94d9674","phtb94d9019","phtb94da1cb","phtb94d945b"]},"phtc497e8549":{"name":"Retocar la apariencia de las fotos","children":["phtc9d389ecc","phtfd442cdbb","pht335dba352"]}},"birdseed_version":5,"toc":["pht035bc2c35","pht6c803a97","pht6d6040d1","pht8a3f9b05d","pht6dc708cc","pht6e41d50b","pht6e15d3aa","phtaec3da2a9","pht5302d0f6","pht3e99bb42d"],"locale":"es-mx","version":"1.2","source_schema":"apd-schema","enable_tracking":false,"platform":"mac","build_date":"2016.07.22-03:09:27","landing":"pht54710c4e","product":"photos","urls":{},"copyright":"","show_previous_next":false,"topics":{"phtb94d945b":{"name":"Eliminar un calendario"},"pht6e157ba6":{"name":"Crear una tarjeta"},"pht40b0be510":{"name":"Seleccionar y anular la selección de fotos"},"phta58cd90d3":{"name":"Visión general"},"phtb66b3c010":{"name":"Modificar cómo se muestran las fotos"},"pht245fde94":{"name":"Crear mapas en un libro"},"pht6d60b524":{"name":"Usar múltiples fototecas"},"pht5706dfc6":{"name":"iCloud","categories":["aside"]},"pht6d60ca71":{"name":"Crear álbumes inteligentes"},"pht8a576439":{"name":"Obtener actualizaciones de Fotos"},"pht9bb241b3":{"name":"seleccionando fotos","categories":["aside"]},"pht96259d626":{"name":"Ver recuerdos"},"pht5f6df5f0":{"name":"Modificar un álbum compartido"},"phtf677b8f5":{"name":"¿Qué son los álbumes?"},"pht6e15aa61":{"name":"Agregar y eliminar fotos"},"pht304c2ace6":{"name":"Aspectos básicos de la edición"},"pht211de0d6":{"name":"Crear carpetas"},"pht427071907":{"name":"Realizar ediciones usando extensiones"},"pht6d60348f":{"name":"Restaurar desde Time Machine"},"phtf5e48489c":{"name":"Desde la fototeca de iCloud"},"phtc0bf4b9bb":{"name":"Desde “Secuencia de fotos”"},"phtfd442cdbb":{"name":"Hacer retoques avanzados"},"pht6e15b35b":{"name":"Pedir un libro, tarjeta o calendario"},"phte0ee9e101":{"name":"Eliminar ojos rojos"},"pht6e15c151":{"name":"Trabajar con páginas"},"pht98de9564":{"name":"expulsar","categories":["aside"]},"phtc3c7c148":{"name":"propagación de página","categories":["aside"]},"pht211de786":{"name":"Visión general"},"pht101081c3":{"name":"miniatura","categories":["aside"]},"pht9b4411b24":{"name":"Gestos y funciones rápidas de teclado","href":"pht9b4411b24.html","searchName":"Funciones rápidas de Fotos"},"pht10107b78":{"name":"proporción","categories":["aside"]},"phtab5e682b":{"name":"Eliminar un libro"},"pht6d60a1f1":{"name":"Crear álbumes"},"pht884a8908":{"name":"Suscribirse a álbumes"},"phtab5e72eb":{"name":"Eliminar una tarjeta"},"pht013f36be9":{"name":"Activar o desactivar “Compartir fotos de iCloud”"},"pht211dd6d0":{"name":"Visión general"},"phtb94d7d07":{"name":"Organizar fotos"},"pht6e159147":{"name":"Crear un libro de fotos"},"pht335dba352":{"name":"Personalizar el panel Retoques"},"pht6ce918c46":{"name":"Compartir recuerdos"},"phtba22db5d6":{"name":"Girar fotos"},"pht6e41eaff":{"name":"Facebook, Flickr y Twitter"},"phtf7fe6394":{"name":"Crear un álbum compartido"},"pht035bc2c35":{"name":"Visión general de Fotos"},"pht4a5343882":{"name":"Crear recuerdos"},"pht337d15be":{"name":"Organizar fotos"},"pht8d0ad5198":{"name":"Buscar fotos por palabra clave"},"pht2951dfb9":{"name":"Gestos del trackpad"},"phtb711c0fd":{"name":"Apple ID","categories":["aside"]},"pht5156cc968":{"name":"Configurar las preferencias de Fotos","searchName":"Panel de preferencias de Fotos"},"phta4e5a733f":{"name":"Ver y agregar información de la foto"},"pht337d0fd8":{"name":"Agregar y eliminar fotos"},"pht54710c4e":{"name":"Ayuda de Fotos","href":"pht54710c4e.html","categories":["landing"]},"pht6e15ea68":{"name":"Pedir impresiones profesionales"},"phtb94d7e13":{"name":"Crear un calendario"},"phtae4e05c67":{"name":"Desde un medio de almacenamiento"},"phtab5e6905":{"name":"Dar formato al texto del libro"},"phteb52f43ce":{"name":"Marcar una foto"},"pht6e157c5f":{"name":"Exportar fotos, videos y presentaciones de diapositivas"},"pht1ed9b966d":{"name":"Cambiar dónde se almacenan los archivos de Fotos"},"pht6d97570c":{"name":"iTunes"},"pht4c00b8ddc":{"name":"Ver fotos por ubicación"},"pht6dc73ede":{"name":"edición no destructiva","categories":["aside"]},"pht3bfab2f96":{"name":"Eliminar fotos y videos"},"pht56eafa987":{"name":"Ver fotos"},"pht6c804da9":{"name":"Desde otras apps"},"pht13f0918f0":{"name":"Recortar y enderezar fotos"},"phte0af949f0":{"name":"Aplicar filtros a las fotos"},"phtc9d389ecc":{"name":"Retocar una foto"},"pht5c38b77c5":{"name":"Retocar fotos"},"pht6e4207c4":{"name":"Mail"},"phtae8c6d40":{"name":"Crear presentaciones de diapositivas"},"phtb94d9674":{"name":"Agregar o eliminar fotos"},"phtb94d9019":{"name":"Cambiar la información de fecha"},"phtb94da1cb":{"name":"Dar formato al texto del calendario"},"phtc4361d5a":{"name":"Mensajes"},"pht6e15caf3":{"name":"Preparar un proyecto para su impresión"},"pht6d60d10f":{"name":"Realizar un respaldo de la fototeca de Fotos"},"pht6be18f93":{"name":"Reparar la fototeca"},"pht10107cfa":{"name":"foto clave","categories":["aside"]},"phtc3c7b374":{"name":"tarjeta SD","categories":["aside"]},"pht6e15dbdb":{"name":"Imprimir sus propias fotos"},"pht6e593112":{"name":"Funciones rápidas de teclado","searchName":"Funciones rápidas de Fotos"},"pht6d975c7d":{"name":"Ver videos"},"pht98de9846":{"name":"efecto Ken Burns","categories":["aside"]},"pht6c803201":{"name":"Desde una cámara o dispositivo móvil"},"pht5188d4d20":{"name":"Símbolos de las funciones rápidas de teclado"},"phte3af82548":{"name":"Live Photo","categories":["aside"]},"phta48b41fd8":{"name":"Mejorar fotos automáticamente"},"pht93cb7bc67":{"name":"clic fuerte","categories":["aside"]},"pht98de9f27":{"name":"fotos en formato RAW","categories":["aside"]},"pht1324a500e":{"name":"Otras apps y sitios web"},"phtdbd88e7a":{"name":"álbumes de fotos y álbumes inteligentes","categories":["aside"]},"pht337d0a03":{"name":"Organizar fotos"},"pht64de33e5a":{"name":"Buscar fotos por texto o fecha"},"phtad9d981ab":{"name":"Encontrar fotos de personas"},"phtdfcac5c5":{"name":"Administrar suscriptores"},"phtc94a1416":{"name":"Más recursos"},"pht7a4c765b":{"name":"Visión general"},"pht12e7a8015":{"name":"¿Dónde están los archivos importados?"},"phtda5be08b":{"name":"palabra clave","categories":["aside"]},"pht1d4c62349":{"name":"AirDrop"},"phtab5e66ba":{"name":"Dar formato al texto de la tarjeta"},"phtc3c7c06e":{"name":"formatos de archivo de imagen","categories":["aside"]}},"copyright_text":"Copyright © 2016 Apple Inc. Todos los derechos reservados."}