{"css":"","framework":"duck-10.1.0","title":"照片帮助","build_id":"5791b32a094622a65e5e72f6","quick_links":[],"icon":"..\/SharedGlobalArt\/AppIconDefault_Photos.png","sections":{"pht5302d0f6":{"name":"与“照片”配合工作","children":["pht5156cc968","pht6d60881e","pht8a576439"]},"pht3e99bb42d":{"name":"手势和键盘快捷键","children":["pht2951dfb9","pht6e593112","pht5188d4d20"]},"pht6d6040d1":{"name":"查看和整理照片","children":["pht56eafa987","pht40b0be510","phtb66b3c010","phta4e5a733f","apd679d1dae29e04","pht6d606e4c","pht6d975c7d","pht3bfab2f96"]},"apd679d1dae29e04":{"name":"查找照片","children":["pht64de33e5a","pht8d0ad5198","phtad9d981ab","pht4c00b8ddc"]},"pht6c803a97":{"name":"导入照片和视频","children":["phta58cd90d3","apd170d821c07204","pht6c803201","phtae4e05c67","pht6c804da9","pht12e7a8015"]},"pht8a3f9b05d":{"name":"品味回忆","children":["pht4a5343882","pht96259d626","pht6ce918c46"]},"pht6d60881e":{"name":"管理您的“照片”资料库","children":["pht211de786","pht6d60b524","pht6d60d10f","pht6d60348f","pht6be18f93","pht1ed9b966d"]},"pht50acf4c2":{"name":"iCloud 照片共享","children":["pht7a4c765b","pht013f36be9","phtf7fe6394","pht5f6df5f0","phtdfcac5c5","pht884a8908"]},"pht7c4f353b":{"name":"创建卡片","children":["pht6e157ba6","pht337d15be","pht6e15aa61","phtab5e66ba","phtab5e72eb"]},"phtaec3da2a9":{"name":"创建和订购冲印照片","children":["phtae8c6530","pht6e15dbdb"]},"phtae8c6530":{"name":"订购冲印的照片和项目","children":["pht211dd6d0","pht6e15ea68","pht6e15caf3","pht6e15b35b"]},"pht6d606e4c":{"name":"整理相簿中的照片","children":["phtf677b8f5","pht6d60a1f1","pht6d60ca71","pht211de0d6"]},"apd170d821c07204":{"name":"来自 iCloud","children":["phtf5e48489c","phtc0bf4b9bb"]},"pht6dc708cc":{"name":"改进照片","children":["pht304c2ace6","phta48b41fd8","phtba22db5d6","pht13f0918f0","phte0af949f0","phtc497e8549","pht5c38b77c5","phte0ee9e101","phteb52f43ce","pht427071907"]},"pht6e41d50b":{"name":"共享您的照片和视频","children":["pht50acf4c2","phtc4361d5a","pht6e4207c4","pht6e41eaff","pht1d4c62349","pht6d97570c","pht1324a500e","pht6e157c5f"]},"pht6e15d3aa":{"name":"创建项目","children":["phtae8c6d40","phtae8c6467","phtb94da2f9","pht7c4f353b"]},"phtae8c6467":{"name":"创建相册","children":["pht6e159147","pht337d0a03","pht337d0fd8","pht6e15c151","phtab5e6905","pht245fde94","phtab5e682b"]},"phtb94da2f9":{"name":"创建日历","children":["phtb94d7e13","phtb94d7d07","phtb94d9674","phtb94d9019","phtb94da1cb","phtb94d945b"]},"phtc497e8549":{"name":"调整照片的外观","children":["phtc9d389ecc","phtfd442cdbb","pht335dba352"]}},"birdseed_version":5,"toc":["pht035bc2c35","pht6c803a97","pht6d6040d1","pht8a3f9b05d","pht6dc708cc","pht6e41d50b","pht6e15d3aa","phtaec3da2a9","pht5302d0f6","pht3e99bb42d"],"locale":"zh-cn","version":"1.2","source_schema":"apd-schema","enable_tracking":false,"platform":"mac","build_date":"2016.07.22-03:23:52","landing":"pht54710c4e","product":"photos","urls":{},"copyright":"","show_previous_next":false,"topics":{"phtb94d945b":{"name":"删除日历"},"pht6e157ba6":{"name":"创建卡片"},"pht40b0be510":{"name":"选择和取消选择照片"},"phta58cd90d3":{"name":"概览"},"phtb66b3c010":{"name":"更改照片的显示方式"},"pht245fde94":{"name":"在相册中创建地图"},"pht6d60b524":{"name":"使用多个图库"},"pht5706dfc6":{"name":"iCloud","categories":["aside"]},"pht6d60ca71":{"name":"创建智能相簿"},"pht8a576439":{"name":"获取“照片”更新"},"pht9bb241b3":{"name":"选择照片","categories":["aside"]},"pht96259d626":{"name":"查看回忆"},"pht5f6df5f0":{"name":"更改共享相簿"},"phtf677b8f5":{"name":"什么是相簿？"},"pht6e15aa61":{"name":"添加和移除照片"},"pht304c2ace6":{"name":"编辑基础知识"},"pht211de0d6":{"name":"创建文件夹"},"pht427071907":{"name":"使用扩展进行编辑"},"pht6d60348f":{"name":"从 Time Machine 恢复"},"phtf5e48489c":{"name":"来自“iCloud 照片图库”"},"phtc0bf4b9bb":{"name":"来自“我的照片流”"},"phtfd442cdbb":{"name":"进行高级调整"},"pht6e15b35b":{"name":"订购相册、卡片或日历"},"phte0ee9e101":{"name":"消除红眼"},"pht6e15c151":{"name":"处理页面"},"pht98de9564":{"name":"推出","categories":["aside"]},"phtc3c7c148":{"name":"页面版式","categories":["aside"]},"pht211de786":{"name":"概览"},"pht101081c3":{"name":"缩略图","categories":["aside"]},"pht9b4411b24":{"name":"键盘快捷键和手势","href":"pht9b4411b24.html","searchName":"“照片”中的键盘快捷键"},"pht10107b78":{"name":"大小比例","categories":["aside"]},"phtab5e682b":{"name":"删除相册"},"pht6d60a1f1":{"name":"创建相簿"},"pht884a8908":{"name":"订阅相簿"},"phtab5e72eb":{"name":"删除卡片"},"pht013f36be9":{"name":"打开或关闭“iCloud 照片共享”"},"pht211dd6d0":{"name":"概览"},"phtb94d7d07":{"name":"排列照片"},"pht6e159147":{"name":"创建相册"},"pht335dba352":{"name":"自定“调整”面板"},"pht6ce918c46":{"name":"共享回忆"},"phtba22db5d6":{"name":"旋转照片"},"pht6e41eaff":{"name":"Facebook、Flickr 和 Twitter"},"phtf7fe6394":{"name":"创建共享相簿"},"pht035bc2c35":{"name":"照片概览"},"pht4a5343882":{"name":"创建回忆"},"pht337d15be":{"name":"排列照片"},"pht8d0ad5198":{"name":"按关键词查找照片"},"pht2951dfb9":{"name":"触控板手势"},"phtb711c0fd":{"name":"Apple ID","categories":["aside"]},"pht5156cc968":{"name":"设定“照片”偏好设置","searchName":"照片偏好设置"},"phta4e5a733f":{"name":"查看和添加照片信息"},"pht337d0fd8":{"name":"添加和移除照片"},"pht54710c4e":{"name":"照片帮助","href":"pht54710c4e.html","categories":["landing"]},"pht6e15ea68":{"name":"订购专业冲印照片"},"phtb94d7e13":{"name":"创建日历"},"phtae4e05c67":{"name":"来自储存介质"},"phtab5e6905":{"name":"格式化相册文本"},"phteb52f43ce":{"name":"标记照片"},"pht6e157c5f":{"name":"导出照片、视频和幻灯片放映"},"pht1ed9b966d":{"name":"修改“照片”储存文件的位置"},"pht6d97570c":{"name":"iTunes"},"pht4c00b8ddc":{"name":"按位置查看照片"},"pht6dc73ede":{"name":"非破坏性编辑","categories":["aside"]},"pht3bfab2f96":{"name":"删除照片和视频"},"pht56eafa987":{"name":"查看照片"},"pht6c804da9":{"name":"来自其他应用"},"pht13f0918f0":{"name":"裁剪和校正照片"},"phte0af949f0":{"name":"将滤镜应用到照片"},"phtc9d389ecc":{"name":"调整照片"},"pht5c38b77c5":{"name":"润饰照片"},"pht6e4207c4":{"name":"邮件"},"phtae8c6d40":{"name":"创建幻灯片放映"},"phtb94d9674":{"name":"添加或移除照片"},"phtb94d9019":{"name":"更改日期信息"},"phtb94da1cb":{"name":"格式化日历文本"},"phtc4361d5a":{"name":"信息"},"pht6e15caf3":{"name":"准备要冲印的项目"},"pht6d60d10f":{"name":"备份您的“照片”资料库"},"pht6be18f93":{"name":"修复您的资料库"},"pht10107cfa":{"name":"关键照片","categories":["aside"]},"phtc3c7b374":{"name":"SD 卡","categories":["aside"]},"pht6e15dbdb":{"name":"冲印您自己的照片"},"pht6e593112":{"name":"键盘快捷键","searchName":"“照片”中的键盘快捷键"},"pht6d975c7d":{"name":"查看视频"},"pht98de9846":{"name":"Ken Burns 效果","categories":["aside"]},"pht6c803201":{"name":"来自相机或移动设备"},"pht5188d4d20":{"name":"键盘和快捷键符号"},"phte3af82548":{"name":"Live Photo","categories":["aside"]},"phta48b41fd8":{"name":"自动增强照片"},"pht93cb7bc67":{"name":"用力点按","categories":["aside"]},"pht98de9f27":{"name":"RAW 格式的照片","categories":["aside"]},"pht1324a500e":{"name":"其他应用和网站"},"phtdbd88e7a":{"name":"相簿和智能相簿","categories":["aside"]},"pht337d0a03":{"name":"排列照片"},"pht64de33e5a":{"name":"按文本或日期查找照片"},"phtad9d981ab":{"name":"查找照片中的人物"},"phtdfcac5c5":{"name":"管理订阅者"},"phtc94a1416":{"name":"更多资源"},"pht7a4c765b":{"name":"概览"},"pht12e7a8015":{"name":"导入的文件存放在哪里？"},"phtda5be08b":{"name":"关键词","categories":["aside"]},"pht1d4c62349":{"name":"AirDrop"},"phtab5e66ba":{"name":"格式化卡片文本"},"phtc3c7c06e":{"name":"图像文件格式","categories":["aside"]}},"copyright_text":"Copyright © 2016 Apple Inc. 保留一切权利。"}