{"css":"","framework":"duck-10.1.0","title":"Довідка програми «Фотографії»","build_id":"5791b337094622a65e5e7366","quick_links":[],"icon":"..\/SharedGlobalArt\/AppIconDefault_Photos.png","sections":{"pht5302d0f6":{"name":"Робота в програмі «Фотографії»","children":["pht5156cc968","pht6d60881e","pht8a576439"]},"pht3e99bb42d":{"name":"Жести й клавіатурні скорочення","children":["pht2951dfb9","pht6e593112","pht5188d4d20"]},"pht6d6040d1":{"name":"Перегляд і упорядкування фотографій","children":["pht56eafa987","pht40b0be510","phtb66b3c010","phta4e5a733f","apd679d1dae29e04","pht6d606e4c","pht6d975c7d","pht3bfab2f96"]},"apd679d1dae29e04":{"name":"Пошук фотографій","children":["pht64de33e5a","pht8d0ad5198","phtad9d981ab","pht4c00b8ddc"]},"pht6c803a97":{"name":"Імпорт фотографій і відео","children":["phta58cd90d3","apd170d821c07204","pht6c803201","phtae4e05c67","pht6c804da9","pht12e7a8015"]},"pht8a3f9b05d":{"name":"Насолодження спогадами","children":["pht4a5343882","pht96259d626","pht6ce918c46"]},"pht6d60881e":{"name":"Керування бібліотекою програми «Фотографії»","children":["pht211de786","pht6d60b524","pht6d60d10f","pht6d60348f","pht6be18f93","pht1ed9b966d"]},"pht50acf4c2":{"name":"Спільний доступ до фотографій в iCloud","children":["pht7a4c765b","pht013f36be9","phtf7fe6394","pht5f6df5f0","phtdfcac5c5","pht884a8908"]},"pht7c4f353b":{"name":"Створення листівок","children":["pht6e157ba6","pht337d15be","pht6e15aa61","phtab5e66ba","phtab5e72eb"]},"phtaec3da2a9":{"name":"Створення та замовлення відбитків","children":["phtae8c6530","pht6e15dbdb"]},"phtae8c6530":{"name":"Замовлення відбитків фотографій і проектів","children":["pht211dd6d0","pht6e15ea68","pht6e15caf3","pht6e15b35b"]},"pht6d606e4c":{"name":"Упорядкування фотографій у колекціях","children":["phtf677b8f5","pht6d60a1f1","pht6d60ca71","pht211de0d6"]},"apd170d821c07204":{"name":"З iCloud","children":["phtf5e48489c","phtc0bf4b9bb"]},"pht6dc708cc":{"name":"Поліпшення фотографій","children":["pht304c2ace6","phta48b41fd8","phtba22db5d6","pht13f0918f0","phte0af949f0","phtc497e8549","pht5c38b77c5","phte0ee9e101","phteb52f43ce","pht427071907"]},"pht6e41d50b":{"name":"Оприлюднення фотографій і відео","children":["pht50acf4c2","phtc4361d5a","pht6e4207c4","pht6e41eaff","pht1d4c62349","pht6d97570c","pht1324a500e","pht6e157c5f"]},"pht6e15d3aa":{"name":"Створення проектів","children":["phtae8c6d40","phtae8c6467","phtb94da2f9","pht7c4f353b"]},"phtae8c6467":{"name":"Створення книг","children":["pht6e159147","pht337d0a03","pht337d0fd8","pht6e15c151","phtab5e6905","pht245fde94","phtab5e682b"]},"phtb94da2f9":{"name":"Створення календарів","children":["phtb94d7e13","phtb94d7d07","phtb94d9674","phtb94d9019","phtb94da1cb","phtb94d945b"]},"phtc497e8549":{"name":"Коригування вигляду фото","children":["phtc9d389ecc","phtfd442cdbb","pht335dba352"]}},"birdseed_version":5,"toc":["pht035bc2c35","pht6c803a97","pht6d6040d1","pht8a3f9b05d","pht6dc708cc","pht6e41d50b","pht6e15d3aa","phtaec3da2a9","pht5302d0f6","pht3e99bb42d"],"locale":"uk","version":"1.2","source_schema":"apd-schema","enable_tracking":false,"platform":"mac","build_date":"2016.07.22-03:35:47","landing":"pht54710c4e","product":"photos","urls":{},"copyright":"","show_previous_next":false,"topics":{"phtb94d945b":{"name":"Видалення календаря"},"pht6e157ba6":{"name":"Створення листівки"},"pht40b0be510":{"name":"Вибір фотографій"},"phta58cd90d3":{"name":"Огляд"},"phtb66b3c010":{"name":"Змінення способу відображення фотографій"},"pht245fde94":{"name":"Створення карт у книзі"},"pht6d60b524":{"name":"Використання кількох бібліотек"},"pht5706dfc6":{"name":"iCloud","categories":["aside"]},"pht6d60ca71":{"name":"Створення динамічної колекції"},"pht8a576439":{"name":"Отримання оновлень програми «Фотографії»"},"pht9bb241b3":{"name":"вибір фотографій","categories":["aside"]},"pht96259d626":{"name":"Перегляд спогадів"},"pht5f6df5f0":{"name":"Редагування спільної колекції"},"phtf677b8f5":{"name":"Що таке колекції?"},"pht6e15aa61":{"name":"Додавання та видалення фотографій"},"pht304c2ace6":{"name":"Основи редагування"},"pht211de0d6":{"name":"Створення папок"},"pht427071907":{"name":"Редагування за допомогою розширень"},"pht6d60348f":{"name":"Відновлення резервної копії з Time Machine"},"phtf5e48489c":{"name":"З фототеки iCloud"},"phtc0bf4b9bb":{"name":"З Мого фотопотоку"},"phtfd442cdbb":{"name":"Додаткове коригування"},"pht6e15b35b":{"name":"Замовлення альбому, листівки або календаря"},"phte0ee9e101":{"name":"Усунення ефекту червоних очей"},"pht6e15c151":{"name":"Робота зі сторінками"},"pht98de9564":{"name":"виймання","categories":["aside"]},"phtc3c7c148":{"name":"розворот","categories":["aside"]},"pht211de786":{"name":"Огляд"},"pht101081c3":{"name":"мініатюра","categories":["aside"]},"pht9b4411b24":{"name":"Клавіатурні скорочення й жести","href":"pht9b4411b24.html","searchName":"Клавіатурні скорочення у програмі «Фотографії»"},"pht10107b78":{"name":"співвідношення сторін","categories":["aside"]},"phtab5e682b":{"name":"Видалення альбому"},"pht6d60a1f1":{"name":"Створення колекції"},"pht884a8908":{"name":"Підписка на колекції"},"phtab5e72eb":{"name":"Видалення листівки"},"pht013f36be9":{"name":"Увімкнення та вимкнення спільного доступу до фотографій в iCloud"},"pht211dd6d0":{"name":"Огляд"},"phtb94d7d07":{"name":"Упорядкування фотографій"},"pht6e159147":{"name":"Створення альбому"},"pht335dba352":{"name":"Настроювання панелі коригування"},"pht6ce918c46":{"name":"Надсилання спогадів"},"phtba22db5d6":{"name":"Поворот фотографій"},"pht6e41eaff":{"name":"Facebook, Flickr і Twitter"},"phtf7fe6394":{"name":"Створення спільної колекції"},"pht035bc2c35":{"name":"Огляд програми «Фотографії»"},"pht4a5343882":{"name":"Створення спогадів"},"pht337d15be":{"name":"Упорядкування фотографій"},"pht8d0ad5198":{"name":"Пошук фотографій за ключовим словом"},"pht2951dfb9":{"name":"Жести трекпеда"},"phtb711c0fd":{"name":"Apple ID","categories":["aside"]},"pht5156cc968":{"name":"Визначення параметрів програми «Фотографії»","searchName":"Параметри фотографій"},"phta4e5a733f":{"name":"Перегляд і додавання інформації про фотографії"},"pht337d0fd8":{"name":"Додавання та видалення фотографій"},"pht54710c4e":{"name":"Довідка програми «Фотографії»","href":"pht54710c4e.html","categories":["landing"]},"pht6e15ea68":{"name":"Замовлення професійних відбитків"},"phtb94d7e13":{"name":"Створення календаря"},"phtae4e05c67":{"name":"З накопичувача"},"phtab5e6905":{"name":"Форматування тексту альбому"},"phteb52f43ce":{"name":"Маскування фотографії"},"pht6e157c5f":{"name":"Експортування фотографій, відео та слайд-шоу"},"pht1ed9b966d":{"name":"Змінення розташування, у якому зберігаються файли в програмі «Фотографії»"},"pht6d97570c":{"name":"iTunes"},"pht4c00b8ddc":{"name":"Перегляд фотографій за місцем зйомки"},"pht6dc73ede":{"name":"недеструктивне редагування","categories":["aside"]},"pht3bfab2f96":{"name":"Видалення фотографій і відеозаписів"},"pht56eafa987":{"name":"Перегляд фотографій"},"pht6c804da9":{"name":"З інших програм"},"pht13f0918f0":{"name":"Обтинання та вирівнювання фото"},"phte0af949f0":{"name":"Застосування фільтрів до фотографій"},"phtc9d389ecc":{"name":"Коригування фотографії"},"pht5c38b77c5":{"name":"Ретушування фото"},"pht6e4207c4":{"name":"Mail"},"phtae8c6d40":{"name":"Створення слайд-шоу"},"phtb94d9674":{"name":"Додавання або видалення фотографій"},"phtb94d9019":{"name":"Змінення інформації про дату"},"phtb94da1cb":{"name":"Форматування тексту календаря"},"phtc4361d5a":{"name":"Повідомлення"},"pht6e15caf3":{"name":"Підготовка проекту до друку"},"pht6d60d10f":{"name":"Створення резервної копії бібліотеки програми «Фотографії»"},"pht6be18f93":{"name":"Лагодження бібліотеки"},"pht10107cfa":{"name":"головне фото","categories":["aside"]},"phtc3c7b374":{"name":"картка SD","categories":["aside"]},"pht6e15dbdb":{"name":"Друк власних фотографій"},"pht6e593112":{"name":"Клавіатурні скорочення","searchName":"Клавіатурні скорочення у програмі «Фотографії»"},"pht6d975c7d":{"name":"Перегляд відео"},"pht98de9846":{"name":"Ефект Кена Бернса","categories":["aside"]},"pht6c803201":{"name":"З камери або мобільного пристрою"},"pht5188d4d20":{"name":"Символи клавіатурних скорочень"},"phte3af82548":{"name":"Live Photo","categories":["aside"]},"phta48b41fd8":{"name":"Автоматичне покращення фотографій"},"pht93cb7bc67":{"name":"сильне клацання","categories":["aside"]},"pht98de9f27":{"name":"Фотографії в форматі RAW","categories":["aside"]},"pht1324a500e":{"name":"Інші програми та веб-сайти"},"phtdbd88e7a":{"name":"колекції та динамічні колекції","categories":["aside"]},"pht337d0a03":{"name":"Упорядкування фотографій"},"pht64de33e5a":{"name":"Пошук фотографій за текстом або датою"},"phtad9d981ab":{"name":"Пошук фотографій людей"},"phtdfcac5c5":{"name":"Керування підписаними користувачами"},"phtc94a1416":{"name":"Інші ресурси"},"pht7a4c765b":{"name":"Огляд"},"pht12e7a8015":{"name":"Де мої імпортовані файли?"},"phtda5be08b":{"name":"ключове слово","categories":["aside"]},"pht1d4c62349":{"name":"AirDrop"},"phtab5e66ba":{"name":"Форматування тексту листівки"},"phtc3c7c06e":{"name":"формати файлів зображень","categories":["aside"]}},"copyright_text":"© 2016, Apple Inc. Усі права захищені."}