{"css":"","framework":"duck-10.1.0","title":"Aiuto Foto","build_id":"5791b328094622a65e5e72e8","quick_links":[],"icon":"..\/SharedGlobalArt\/AppIconDefault_Photos.png","sections":{"pht5302d0f6":{"name":"Lavorare con Foto","children":["pht5156cc968","pht6d60881e","pht8a576439"]},"pht3e99bb42d":{"name":"Gesti e abbreviazioni da tastiera","children":["pht2951dfb9","pht6e593112","pht5188d4d20"]},"pht6d6040d1":{"name":"Visualizzare e organizzare le foto","children":["pht56eafa987","pht40b0be510","phtb66b3c010","phta4e5a733f","apd679d1dae29e04","pht6d606e4c","pht6d975c7d","pht3bfab2f96"]},"apd679d1dae29e04":{"name":"Cerca le foto","children":["pht64de33e5a","pht8d0ad5198","phtad9d981ab","pht4c00b8ddc"]},"pht6c803a97":{"name":"Importare foto e video","children":["phta58cd90d3","apd170d821c07204","pht6c803201","phtae4e05c67","pht6c804da9","pht12e7a8015"]},"pht8a3f9b05d":{"name":"Godersi i ricordi","children":["pht4a5343882","pht96259d626","pht6ce918c46"]},"pht6d60881e":{"name":"Gestire la libreria di Foto","children":["pht211de786","pht6d60b524","pht6d60d10f","pht6d60348f","pht6be18f93","pht1ed9b966d"]},"pht50acf4c2":{"name":"Condivisione foto di iCloud","children":["pht7a4c765b","pht013f36be9","phtf7fe6394","pht5f6df5f0","phtdfcac5c5","pht884a8908"]},"pht7c4f353b":{"name":"Creare biglietti","children":["pht6e157ba6","pht337d15be","pht6e15aa61","phtab5e66ba","phtab5e72eb"]},"phtaec3da2a9":{"name":"Creare e ordinare stampe","children":["phtae8c6530","pht6e15dbdb"]},"phtae8c6530":{"name":"Ordinare foto e progetti stampati","children":["pht211dd6d0","pht6e15ea68","pht6e15caf3","pht6e15b35b"]},"pht6d606e4c":{"name":"Organizzare le foto in album","children":["phtf677b8f5","pht6d60a1f1","pht6d60ca71","pht211de0d6"]},"apd170d821c07204":{"name":"Da iCloud","children":["phtf5e48489c","phtc0bf4b9bb"]},"pht6dc708cc":{"name":"Migliorare le foto","children":["pht304c2ace6","phta48b41fd8","phtba22db5d6","pht13f0918f0","phte0af949f0","phtc497e8549","pht5c38b77c5","phte0ee9e101","phteb52f43ce","pht427071907"]},"pht6e41d50b":{"name":"Condividere foto e video","children":["pht50acf4c2","phtc4361d5a","pht6e4207c4","pht6e41eaff","pht1d4c62349","pht6d97570c","pht1324a500e","pht6e157c5f"]},"pht6e15d3aa":{"name":"Creare progetti","children":["phtae8c6d40","phtae8c6467","phtb94da2f9","pht7c4f353b"]},"phtae8c6467":{"name":"Creare libri","children":["pht6e159147","pht337d0a03","pht337d0fd8","pht6e15c151","phtab5e6905","pht245fde94","phtab5e682b"]},"phtb94da2f9":{"name":"Creare calendari","children":["phtb94d7e13","phtb94d7d07","phtb94d9674","phtb94d9019","phtb94da1cb","phtb94d945b"]},"phtc497e8549":{"name":"Regolare l'aspetto delle foto","children":["phtc9d389ecc","phtfd442cdbb","pht335dba352"]}},"birdseed_version":5,"toc":["pht035bc2c35","pht6c803a97","pht6d6040d1","pht8a3f9b05d","pht6dc708cc","pht6e41d50b","pht6e15d3aa","phtaec3da2a9","pht5302d0f6","pht3e99bb42d"],"locale":"it","version":"1.2","source_schema":"apd-schema","enable_tracking":false,"platform":"mac","build_date":"2016.07.22-03:14:31","landing":"pht54710c4e","product":"photos","urls":{},"copyright":"","show_previous_next":false,"topics":{"phtb94d945b":{"name":"Eliminare un calendario"},"pht6e157ba6":{"name":"Creare un biglietto"},"pht40b0be510":{"name":"Selezionare e deselezionare le foto"},"phta58cd90d3":{"name":"Panoramica"},"phtb66b3c010":{"name":"Modificare il modo in cui vengono mostrate le foto"},"pht245fde94":{"name":"Creare mappe in un libro"},"pht6d60b524":{"name":"Utilizzare più librerie"},"pht5706dfc6":{"name":"iCloud","categories":["aside"]},"pht6d60ca71":{"name":"Creare album smart"},"pht8a576439":{"name":"Ottenere gli aggiornamenti di Foto"},"pht9bb241b3":{"name":"selezionare foto","categories":["aside"]},"pht96259d626":{"name":"Visualizzare ricordi"},"pht5f6df5f0":{"name":"Modificare un album condiviso"},"phtf677b8f5":{"name":"Cosa sono gli album?"},"pht6e15aa61":{"name":"Aggiungere o rimuovere foto"},"pht304c2ace6":{"name":"Nozioni di base sulla modifica"},"pht211de0d6":{"name":"Creare cartelle"},"pht427071907":{"name":"Modificare utilizzando le estensioni"},"pht6d60348f":{"name":"Ripristinare da Time Machine"},"phtf5e48489c":{"name":"Dalla libreria foto di iCloud"},"phtc0bf4b9bb":{"name":"Da “Il mio streaming foto”"},"phtfd442cdbb":{"name":"Effettuare regolazioni avanzate"},"pht6e15b35b":{"name":"Ordinare un fotolibro, un biglietto o un calendario"},"phte0ee9e101":{"name":"Rimuovere l'effetto occhi rossi"},"pht6e15c151":{"name":"Lavorare con le pagine"},"pht98de9564":{"name":"espelli","categories":["aside"]},"phtc3c7c148":{"name":"pagina aperta","categories":["aside"]},"pht211de786":{"name":"Panoramica"},"pht101081c3":{"name":"miniatura","categories":["aside"]},"pht9b4411b24":{"name":"Abbreviazioni da tastiera e gesti","href":"pht9b4411b24.html","searchName":"Abbreviazioni da tastiera in Foto"},"pht10107b78":{"name":"proporzione","categories":["aside"]},"phtab5e682b":{"name":"Eliminare un fotolibro"},"pht6d60a1f1":{"name":"Creare album"},"pht884a8908":{"name":"Iscriversi agli album"},"phtab5e72eb":{"name":"Eliminare un biglietto"},"pht013f36be9":{"name":"Attivare o disattivare “Condivisione foto iCloud”"},"pht211dd6d0":{"name":"Panoramica"},"phtb94d7d07":{"name":"Organizzare foto"},"pht6e159147":{"name":"Creare un fotolibro"},"pht335dba352":{"name":"Personalizzare il pannello Regolazioni"},"pht6ce918c46":{"name":"Condividere ricordi"},"phtba22db5d6":{"name":"Ruotare le foto"},"pht6e41eaff":{"name":"Facebook, Flickr e Twitter"},"phtf7fe6394":{"name":"Creare un album condiviso"},"pht035bc2c35":{"name":"Panoramica su Foto"},"pht4a5343882":{"name":"Creare ricordi"},"pht337d15be":{"name":"Organizzare foto"},"pht8d0ad5198":{"name":"Cercare le foto per parola chiave"},"pht2951dfb9":{"name":"Gesti del trackpad"},"phtb711c0fd":{"name":"ID Apple","categories":["aside"]},"pht5156cc968":{"name":"Impostare le preferenze di Foto","searchName":"Preferenze Foto"},"phta4e5a733f":{"name":"Visualizzare e aggiungere informazioni sulle foto"},"pht337d0fd8":{"name":"Aggiungere o rimuovere foto"},"pht54710c4e":{"name":"Aiuto Foto","href":"pht54710c4e.html","categories":["landing"]},"pht6e15ea68":{"name":"Ordinare stampe professionali"},"phtb94d7e13":{"name":"Creare un calendario"},"phtae4e05c67":{"name":"Da supporti di archiviazione"},"phtab5e6905":{"name":"Formattare il testo del fotolibro"},"phteb52f43ce":{"name":"Modificare una foto"},"pht6e157c5f":{"name":"Esportare foto, video e presentazioni"},"pht1ed9b966d":{"name":"Modificare la posizione in cui Foto archivia i file"},"pht6d97570c":{"name":"iTunes"},"pht4c00b8ddc":{"name":"Visualizzare le foto per posizione"},"pht6dc73ede":{"name":"editing non distruttivo","categories":["aside"]},"pht3bfab2f96":{"name":"Eliminare foto e video"},"pht56eafa987":{"name":"Visualizzare le foto"},"pht6c804da9":{"name":"Da altre app"},"pht13f0918f0":{"name":"Ritagliare e raddrizzare le foto"},"phte0af949f0":{"name":"Applicare filtri alle foto"},"phtc9d389ecc":{"name":"Regolare una foto"},"pht5c38b77c5":{"name":"Ritoccare le foto"},"pht6e4207c4":{"name":"Mail"},"phtae8c6d40":{"name":"Creare presentazioni"},"phtb94d9674":{"name":"Aggiungere o rimuovere le foto"},"phtb94d9019":{"name":"Modificare le informazioni relative alla data"},"phtb94da1cb":{"name":"Formattare il testo del calendario"},"phtc4361d5a":{"name":"Messaggi"},"pht6e15caf3":{"name":"Preparare un progetto per la stampa"},"pht6d60d10f":{"name":"Eseguire il backup della libreria di Foto"},"pht6be18f93":{"name":"Riparare la libreria"},"pht10107cfa":{"name":"foto chiave","categories":["aside"]},"phtc3c7b374":{"name":"scheda SD","categories":["aside"]},"pht6e15dbdb":{"name":"Stampare le proprie foto"},"pht6e593112":{"name":"Abbreviazioni da tastiera","searchName":"Abbreviazioni da tastiera in Foto"},"pht6d975c7d":{"name":"Visualizzare i video"},"pht98de9846":{"name":"effetto Ken Burns","categories":["aside"]},"pht6c803201":{"name":"Da una fotocamera o da un dispositivo mobile"},"pht5188d4d20":{"name":"Simboli delle abbreviazioni da tastiera"},"phte3af82548":{"name":"foto Live","categories":["aside"]},"phta48b41fd8":{"name":"Ottimizzare automaticamente le foto"},"pht93cb7bc67":{"name":"clic deciso","categories":["aside"]},"pht98de9f27":{"name":"Foto in formato RAW","categories":["aside"]},"pht1324a500e":{"name":"Altre app e siti web"},"phtdbd88e7a":{"name":"album di foto e album smart","categories":["aside"]},"pht337d0a03":{"name":"Organizzare foto"},"pht64de33e5a":{"name":"Cercare le foto per testo o data"},"phtad9d981ab":{"name":"Trova le foto delle persone"},"phtdfcac5c5":{"name":"Gestire gli iscritti"},"phtc94a1416":{"name":"Ulteriori risorse"},"pht7a4c765b":{"name":"Panoramica"},"pht12e7a8015":{"name":"Posizione dei i file importati"},"phtda5be08b":{"name":"parola chiave","categories":["aside"]},"pht1d4c62349":{"name":"AirDrop"},"phtab5e66ba":{"name":"Formattare il testo di un biglietto"},"phtc3c7c06e":{"name":"formati immagine","categories":["aside"]}},"copyright_text":"Copyright © 2016 Apple Inc. Tutti i diritti riservati."}