{"css":"","framework":"duck-10.1.0","title":"Ajuda de Fotografias","build_id":"5791b335094622a65e5e7351","quick_links":[],"icon":"..\/SharedGlobalArt\/AppIconDefault_Photos.png","sections":{"pht5302d0f6":{"name":"Trabalhar com Fotografias","children":["pht5156cc968","pht6d60881e","pht8a576439"]},"pht3e99bb42d":{"name":"Gestos e atalhos de teclado","children":["pht2951dfb9","pht6e593112","pht5188d4d20"]},"pht6d6040d1":{"name":"Ver e organizar as fotografias","children":["pht56eafa987","pht40b0be510","phtb66b3c010","phta4e5a733f","apd679d1dae29e04","pht6d606e4c","pht6d975c7d","pht3bfab2f96"]},"apd679d1dae29e04":{"name":"Procurar fotografias","children":["pht64de33e5a","pht8d0ad5198","phtad9d981ab","pht4c00b8ddc"]},"pht6c803a97":{"name":"Importar fotografias e vídeos","children":["phta58cd90d3","apd170d821c07204","pht6c803201","phtae4e05c67","pht6c804da9","pht12e7a8015"]},"pht8a3f9b05d":{"name":"Aproveitar memórias","children":["pht4a5343882","pht96259d626","pht6ce918c46"]},"pht6d60881e":{"name":"Gerir a biblioteca de Fotografias","children":["pht211de786","pht6d60b524","pht6d60d10f","pht6d60348f","pht6be18f93","pht1ed9b966d"]},"pht50acf4c2":{"name":"Partilha de fotografias em iCloud","children":["pht7a4c765b","pht013f36be9","phtf7fe6394","pht5f6df5f0","phtdfcac5c5","pht884a8908"]},"pht7c4f353b":{"name":"Criar cartões","children":["pht6e157ba6","pht337d15be","pht6e15aa61","phtab5e66ba","phtab5e72eb"]},"phtaec3da2a9":{"name":"Criar e encomendar impressões","children":["phtae8c6530","pht6e15dbdb"]},"phtae8c6530":{"name":"Encomendar fotografias e projectos impressos","children":["pht211dd6d0","pht6e15ea68","pht6e15caf3","pht6e15b35b"]},"pht6d606e4c":{"name":"Organizar fotografias em álbuns","children":["phtf677b8f5","pht6d60a1f1","pht6d60ca71","pht211de0d6"]},"apd170d821c07204":{"name":"A partir de iCloud","children":["phtf5e48489c","phtc0bf4b9bb"]},"pht6dc708cc":{"name":"Melhorar as suas fotografias","children":["pht304c2ace6","phta48b41fd8","phtba22db5d6","pht13f0918f0","phte0af949f0","phtc497e8549","pht5c38b77c5","phte0ee9e101","phteb52f43ce","pht427071907"]},"pht6e41d50b":{"name":"Partilhar fotografias e vídeos","children":["pht50acf4c2","phtc4361d5a","pht6e4207c4","pht6e41eaff","pht1d4c62349","pht6d97570c","pht1324a500e","pht6e157c5f"]},"pht6e15d3aa":{"name":"Criar projectos","children":["phtae8c6d40","phtae8c6467","phtb94da2f9","pht7c4f353b"]},"phtae8c6467":{"name":"Criar livros","children":["pht6e159147","pht337d0a03","pht337d0fd8","pht6e15c151","phtab5e6905","pht245fde94","phtab5e682b"]},"phtb94da2f9":{"name":"Criar calendários","children":["phtb94d7e13","phtb94d7d07","phtb94d9674","phtb94d9019","phtb94da1cb","phtb94d945b"]},"phtc497e8549":{"name":"Ajustar o aspecto das fotografias","children":["phtc9d389ecc","phtfd442cdbb","pht335dba352"]}},"birdseed_version":5,"toc":["pht035bc2c35","pht6c803a97","pht6d6040d1","pht8a3f9b05d","pht6dc708cc","pht6e41d50b","pht6e15d3aa","phtaec3da2a9","pht5302d0f6","pht3e99bb42d"],"locale":"pt-pt","version":"1.2","source_schema":"apd-schema","enable_tracking":false,"platform":"mac","build_date":"2016.07.22-02:50:34","landing":"pht54710c4e","product":"photos","urls":{},"copyright":"","show_previous_next":false,"topics":{"phtb94d945b":{"name":"Apagar um calendário"},"pht6e157ba6":{"name":"Criar um cartão"},"pht40b0be510":{"name":"Selecionar e anular a seleção de fotografias"},"phta58cd90d3":{"name":"Descrição geral"},"phtb66b3c010":{"name":"Alterar o modo como as fotografias são apresentadas"},"pht245fde94":{"name":"Criar mapas num livro"},"pht6d60b524":{"name":"Utilizar várias bibliotecas"},"pht5706dfc6":{"name":"iCloud","categories":["aside"]},"pht6d60ca71":{"name":"Criar álbuns inteligentes"},"pht8a576439":{"name":"Obter actualizações de Fotografias"},"pht9bb241b3":{"name":"selecionar fotografias","categories":["aside"]},"pht96259d626":{"name":"Visualizar memórias"},"pht5f6df5f0":{"name":"Alterar um álbum partilhado"},"phtf677b8f5":{"name":"O que são álbuns?"},"pht6e15aa61":{"name":"Adicionar e remover fotografias"},"pht304c2ace6":{"name":"Noções básicas de edição"},"pht211de0d6":{"name":"Criar pastas"},"pht427071907":{"name":"Editar extensões em utilização"},"pht6d60348f":{"name":"Restaurar a partir do Time Machine"},"phtf5e48489c":{"name":"A partir da Fototeca em iCloud"},"phtc0bf4b9bb":{"name":"A partir de “A minha partilha”"},"phtfd442cdbb":{"name":"Fazer ajustes avançados"},"pht6e15b35b":{"name":"Encomendar um livro, cartão ou calendário"},"phte0ee9e101":{"name":"Remover efeito de olhos vermelhos"},"pht6e15c151":{"name":"Trabalhar com páginas"},"pht98de9564":{"name":"ejectar","categories":["aside"]},"phtc3c7c148":{"name":"visualização de duas páginas","categories":["aside"]},"pht211de786":{"name":"Descrição geral"},"pht101081c3":{"name":"miniatura","categories":["aside"]},"pht9b4411b24":{"name":"Atalhos de teclado e gestos","href":"pht9b4411b24.html","searchName":"Atalhos de teclado de Fotografias"},"pht10107b78":{"name":"proporções","categories":["aside"]},"phtab5e682b":{"name":"Apagar um livro"},"pht6d60a1f1":{"name":"Criar álbuns"},"pht884a8908":{"name":"Assinar álbuns"},"phtab5e72eb":{"name":"Apagar um cartão"},"pht013f36be9":{"name":"Ativar ou desativar a Partilha em iCloud"},"pht211dd6d0":{"name":"Descrição geral"},"phtb94d7d07":{"name":"Organizar fotografias"},"pht6e159147":{"name":"Criar um álbum fotográfico"},"pht335dba352":{"name":"Personalizar o painel Ajustes"},"pht6ce918c46":{"name":"Partilhar memórias"},"phtba22db5d6":{"name":"Rodar fotografias"},"pht6e41eaff":{"name":"Facebook, Flickr e Twitter"},"phtf7fe6394":{"name":"Criar um álbum partilhado"},"pht035bc2c35":{"name":"Visão geral de Fotografias"},"pht4a5343882":{"name":"Criar memórias"},"pht337d15be":{"name":"Organizar fotografias"},"pht8d0ad5198":{"name":"Procurar fotografias por palavra-chave"},"pht2951dfb9":{"name":"Gestos no trackpad"},"phtb711c0fd":{"name":"ID Apple","categories":["aside"]},"pht5156cc968":{"name":"Definir as preferências de Fotografias","searchName":"Preferências de fotografias"},"phta4e5a733f":{"name":"Ver e adicionar informação sobre fotografias"},"pht337d0fd8":{"name":"Adicionar e remover fotografias"},"pht54710c4e":{"name":"Ajuda de Fotografias","href":"pht54710c4e.html","categories":["landing"]},"pht6e15ea68":{"name":"Encomendar impressões profissionais"},"phtb94d7e13":{"name":"Criar um calendário"},"phtae4e05c67":{"name":"A partir de suportes de armazenamento"},"phtab5e6905":{"name":"Formatar o texto do livro"},"phteb52f43ce":{"name":"Marcar uma fotografia"},"pht6e157c5f":{"name":"Exportar fotografias, vídeos e diaporamas"},"pht1ed9b966d":{"name":"Alterar o local onde Fotografias guarda os ficheiros"},"pht6d97570c":{"name":"iTunes"},"pht4c00b8ddc":{"name":"Ver fotografias por localização"},"pht6dc73ede":{"name":"edição não destrutiva","categories":["aside"]},"pht3bfab2f96":{"name":"Apagar fotografias e vídeos"},"pht56eafa987":{"name":"Ver fotografias"},"pht6c804da9":{"name":"A partir de outras aplicações"},"pht13f0918f0":{"name":"Recortar e endireitar fotografias"},"phte0af949f0":{"name":"Aplicar filtros a fotografias"},"phtc9d389ecc":{"name":"Ajustar uma fotografia"},"pht5c38b77c5":{"name":"Retocar fotografias"},"pht6e4207c4":{"name":"Mail"},"phtae8c6d40":{"name":"Criar diaporamas"},"phtb94d9674":{"name":"Adicionar ou remover fotografias"},"phtb94d9019":{"name":"Alterar a informação da data"},"phtb94da1cb":{"name":"Formatar o texto do calendário"},"phtc4361d5a":{"name":"Mensagens"},"pht6e15caf3":{"name":"Preparar um projeto para ser impresso"},"pht6d60d10f":{"name":"Efectuar uma cópia de segurança da biblioteca de Fotografias"},"pht6be18f93":{"name":"Reparar a biblioteca"},"pht10107cfa":{"name":"fotografia-chave","categories":["aside"]},"phtc3c7b374":{"name":"cartão SD","categories":["aside"]},"pht6e15dbdb":{"name":"Imprimir fotografias"},"pht6e593112":{"name":"Atalhos de teclado","searchName":"Atalhos de teclado de Fotografias"},"pht6d975c7d":{"name":"Ver vídeos"},"pht98de9846":{"name":"efeito Ken Burns","categories":["aside"]},"pht6c803201":{"name":"A partir de uma câmara ou dispositivo móvel"},"pht5188d4d20":{"name":"Símbolos de atalhos de teclado"},"phte3af82548":{"name":"Live Photo","categories":["aside"]},"phta48b41fd8":{"name":"Melhorar fotografias automaticamente"},"pht93cb7bc67":{"name":"forçar clique","categories":["aside"]},"pht98de9f27":{"name":"fotografias em formato RAW","categories":["aside"]},"pht1324a500e":{"name":"Outras aplicações e sites"},"phtdbd88e7a":{"name":"álbuns de fotografias e álbuns inteligentes","categories":["aside"]},"pht337d0a03":{"name":"Organizar fotografias"},"pht64de33e5a":{"name":"Procurar fotografias por texto ou data"},"phtad9d981ab":{"name":"Encontrar fotografias de pessoas"},"phtdfcac5c5":{"name":"Gerir assinantes"},"phtc94a1416":{"name":"Mais recursos"},"pht7a4c765b":{"name":"Descrição geral"},"pht12e7a8015":{"name":"Onde estão os ficheiros importados?"},"phtda5be08b":{"name":"palavra-chave","categories":["aside"]},"pht1d4c62349":{"name":"AirDrop"},"phtab5e66ba":{"name":"Formatar o texto do cartão"},"phtc3c7c06e":{"name":"formatos de ficheiros de imagem","categories":["aside"]}},"copyright_text":"Copyright © 2016 Apple Inc. Todos os direitos reservados."}